{"features": {"malice": 0.9230769230769232, "generic": 0.4776119402985074, "trojan": 0.4776119402985074, "ransomware": 0.0, "worm": 0.0, "backdoor": 0.0149253731343283, "spyware": 0.0, "rootkit": 0.0, "encrypter": 0.0298507462686567, "downloader": 0.0}}