{"features": {"malice": 0.9230769230769232, "generic": 0.5238095238095238, "trojan": 0.4166666666666667, "ransomware": 0.0238095238095238, "worm": 0.0, "backdoor": 0.0, "spyware": 0.0, "rootkit": 0.0, "encrypter": 0.0238095238095238, "downloader": 0.0119047619047619}}