{"features": {"malice": 0.828125, "generic": 0.5166666666666667, "trojan": 0.4666666666666667, "ransomware": 0.0, "worm": 0.0, "backdoor": 0.0, "spyware": 0.0, "rootkit": 0.0, "encrypter": 0.0, "downloader": 0.0166666666666666}}