{"features": {"malice": 0.9345794392523364, "generic": 0.3508771929824561, "trojan": 0.4561403508771929, "ransomware": 0.0, "worm": 0.0, "backdoor": 0.0526315789473684, "spyware": 0.0, "rootkit": 0.0, "encrypter": 0.1403508771929824, "downloader": 0.0}}