{"features": {"malice": 0.8709677419354839, "generic": 0.4745762711864407, "trojan": 0.3728813559322034, "ransomware": 0.0, "worm": 0.0169491525423728, "backdoor": 0.0, "spyware": 0.0, "rootkit": 0.0, "encrypter": 0.1186440677966101, "downloader": 0.0169491525423728}}