{"features": {"malice": 0.920863309352518, "generic": 0.5142857142857142, "trojan": 0.4, "ransomware": 0.0, "worm": 0.0142857142857142, "backdoor": 0.0, "spyware": 0.0, "rootkit": 0.0, "encrypter": 0.0714285714285714, "downloader": 0.0}}