{"features": {"malice": 0.9541284403669724, "generic": 0.3787878787878788, "trojan": 0.3939393939393939, "ransomware": 0.0, "worm": 0.0, "backdoor": 0.0, "spyware": 0.0, "rootkit": 0.0, "encrypter": 0.2272727272727272, "downloader": 0.0}}