{"features": {"malice": 0.9147286821705426, "generic": 0.4285714285714285, "trojan": 0.5079365079365079, "ransomware": 0.0, "worm": 0.0, "backdoor": 0.0, "spyware": 0.0, "rootkit": 0.0, "encrypter": 0.0634920634920634, "downloader": 0.0}}