{"features": {"malice": 0.9320388349514565, "generic": 0.4098360655737705, "trojan": 0.3770491803278688, "ransomware": 0.0, "worm": 0.0, "backdoor": 0.0, "spyware": 0.0, "rootkit": 0.0, "encrypter": 0.2131147540983606, "downloader": 0.0}}