{"features": {"malice": 0.7540983606557377, "generic": 0.5, "trojan": 0.3428571428571428, "ransomware": 0.0, "worm": 0.0, "backdoor": 0.0, "spyware": 0.0, "rootkit": 0.0, "encrypter": 0.0, "downloader": 0.1571428571428571}}