{"features": {"malice": 0.7457627118644068, "generic": 0.4603174603174603, "trojan": 0.365079365079365, "ransomware": 0.0, "worm": 0.0158730158730158, "backdoor": 0.0, "spyware": 0.0, "rootkit": 0.0, "encrypter": 0.0, "downloader": 0.1587301587301587}}