{"features": {"malice": 0.9541284403669724, "generic": 0.3382352941176471, "trojan": 0.4852941176470588, "ransomware": 0.0, "worm": 0.0, "backdoor": 0.0, "spyware": 0.0, "rootkit": 0.0, "encrypter": 0.1764705882352941, "downloader": 0.0}}