{"features": {"malice": 0.8721804511278195, "generic": 0.492063492063492, "trojan": 0.4285714285714285, "ransomware": 0.0, "worm": 0.0, "backdoor": 0.0, "spyware": 0.0, "rootkit": 0.0634920634920634, "encrypter": 0.0158730158730158, "downloader": 0.0}}