{"features": {"malice": 0.8636363636363636, "generic": 0.4193548387096774, "trojan": 0.5806451612903226, "ransomware": 0.0, "worm": 0.0, "backdoor": 0.0, "spyware": 0.0, "rootkit": 0.0, "encrypter": 0.0, "downloader": 0.0}}