{"features": {"malice": 0.931297709923664, "generic": 0.4393939393939394, "trojan": 0.4848484848484848, "ransomware": 0.0, "worm": 0.0, "backdoor": 0.0, "spyware": 0.0, "rootkit": 0.0, "encrypter": 0.0757575757575757, "downloader": 0.0}}