{"features": {"malice": 0.8888888888888888, "generic": 0.4516129032258064, "trojan": 0.4677419354838709, "ransomware": 0.0, "worm": 0.0, "backdoor": 0.0, "spyware": 0.0, "rootkit": 0.064516129032258, "encrypter": 0.0161290322580645, "downloader": 0.0}}