{"features": {"malice": 0.9253731343283582, "generic": 0.4096385542168674, "trojan": 0.4216867469879518, "ransomware": 0.0240963855421686, "worm": 0.0120481927710843, "backdoor": 0.0120481927710843, "spyware": 0.0, "rootkit": 0.0, "encrypter": 0.108433734939759, "downloader": 0.0120481927710843}}