{"features": {"malice": 0.9142857142857144, "generic": 0.4137931034482758, "trojan": 0.4655172413793103, "ransomware": 0.0, "worm": 0.0, "backdoor": 0.0, "spyware": 0.0, "rootkit": 0.0, "encrypter": 0.1206896551724138, "downloader": 0.0}}