{"features": {"malice": 0.7241379310344828, "generic": 0.4754098360655737, "trojan": 0.360655737704918, "ransomware": 0.0, "worm": 0.0163934426229508, "backdoor": 0.0, "spyware": 0.0, "rootkit": 0.0, "encrypter": 0.0, "downloader": 0.1475409836065573}}