{"features": {"malice": 0.931297709923664, "generic": 0.4556962025316455, "trojan": 0.4936708860759494, "ransomware": 0.0, "worm": 0.0126582278481012, "backdoor": 0.0, "spyware": 0.0, "rootkit": 0.0, "encrypter": 0.0379746835443038, "downloader": 0.0}}