{"features": {"malice": 0.9172932330827068, "generic": 0.4603174603174603, "trojan": 0.4285714285714285, "ransomware": 0.0, "worm": 0.0, "backdoor": 0.0, "spyware": 0.0, "rootkit": 0.0, "encrypter": 0.0952380952380952, "downloader": 0.0158730158730158}}