{"features": {"malice": 0.873015873015873, "generic": 0.3636363636363636, "trojan": 0.3636363636363636, "ransomware": 0.0, "worm": 0.0, "backdoor": 0.0303030303030303, "spyware": 0.0, "rootkit": 0.0, "encrypter": 0.2424242424242424, "downloader": 0.0}}