{"features": {"malice": 0.7394957983193278, "generic": 0.396551724137931, "trojan": 0.293103448275862, "ransomware": 0.0, "worm": 0.0172413793103448, "backdoor": 0.0, "spyware": 0.0, "rootkit": 0.0, "encrypter": 0.0, "downloader": 0.293103448275862}}