{"features": {"malice": 0.9345794392523364, "generic": 0.3333333333333333, "trojan": 0.5185185185185185, "ransomware": 0.0, "worm": 0.0185185185185185, "backdoor": 0.0, "spyware": 0.0, "rootkit": 0.0, "encrypter": 0.1296296296296296, "downloader": 0.0}}