{"features": {"malice": 0.7288135593220338, "generic": 0.391304347826087, "trojan": 0.3333333333333333, "ransomware": 0.0, "worm": 0.0144927536231884, "backdoor": 0.0, "spyware": 0.0, "rootkit": 0.0, "encrypter": 0.0, "downloader": 0.2608695652173913}}