{"features": {"malice": 0.9345794392523364, "generic": 0.4333333333333333, "trojan": 0.45, "ransomware": 0.0, "worm": 0.0166666666666666, "backdoor": 0.0, "spyware": 0.0, "rootkit": 0.0, "encrypter": 0.1, "downloader": 0.0}}