{"features": {"malice": 0.8888888888888888, "generic": 0.417910447761194, "trojan": 0.3582089552238806, "ransomware": 0.0, "worm": 0.0, "backdoor": 0.0298507462686567, "spyware": 0.0, "rootkit": 0.0, "encrypter": 0.1940298507462686, "downloader": 0.0}}