{"features": {"malice": 0.7603305785123967, "generic": 0.4084507042253521, "trojan": 0.3380281690140845, "ransomware": 0.0, "worm": 0.0, "backdoor": 0.0, "spyware": 0.0, "rootkit": 0.0, "encrypter": 0.0, "downloader": 0.2535211267605634}}