{"features": {"malice": 0.8925619834710744, "generic": 0.4262295081967213, "trojan": 0.3770491803278688, "ransomware": 0.0, "worm": 0.0, "backdoor": 0.0491803278688524, "spyware": 0.0, "rootkit": 0.0, "encrypter": 0.1475409836065573, "downloader": 0.0}}