{"features": {"malice": 0.9245283018867924, "generic": 0.46875, "trojan": 0.421875, "ransomware": 0.0, "worm": 0.015625, "backdoor": 0.0, "spyware": 0.0, "rootkit": 0.0, "encrypter": 0.0625, "downloader": 0.03125}}