{"features": {"malice": 0.8932038834951457, "generic": 0.3157894736842105, "trojan": 0.4736842105263157, "ransomware": 0.0350877192982456, "worm": 0.0, "backdoor": 0.0350877192982456, "spyware": 0.0, "rootkit": 0.0, "encrypter": 0.1403508771929824, "downloader": 0.0}}