{"features": {"malice": 0.8484848484848485, "generic": 0.46875, "trojan": 0.453125, "ransomware": 0.0, "worm": 0.0, "backdoor": 0.0, "spyware": 0.0, "rootkit": 0.078125, "encrypter": 0.0, "downloader": 0.0}}