{"features": {"malice": 0.8932038834951457, "generic": 0.273972602739726, "trojan": 0.3972602739726027, "ransomware": 0.0, "worm": 0.0, "backdoor": 0.136986301369863, "spyware": 0.0, "rootkit": 0.0, "encrypter": 0.1095890410958904, "downloader": 0.0821917808219178}}