{"features": {"malice": 0.6964285714285714, "generic": 0.4509803921568627, "trojan": 0.2941176470588235, "ransomware": 0.0, "worm": 0.0196078431372549, "backdoor": 0.0, "spyware": 0.0, "rootkit": 0.0, "encrypter": 0.0, "downloader": 0.2352941176470588}}