{"features": {"malice": 0.7333333333333333, "generic": 0.5072463768115942, "trojan": 0.3188405797101449, "ransomware": 0.0, "worm": 0.0, "backdoor": 0.0, "spyware": 0.0, "rootkit": 0.0, "encrypter": 0.0, "downloader": 0.1739130434782608}}