{"features": {"malice": 0.8484848484848485, "generic": 0.5882352941176471, "trojan": 0.3970588235294117, "ransomware": 0.0, "worm": 0.0, "backdoor": 0.0, "spyware": 0.0, "rootkit": 0.0, "encrypter": 0.0, "downloader": 0.0147058823529411}}