{"features": {"malice": 0.9541284403669724, "generic": 0.2790697674418604, "trojan": 0.4069767441860465, "ransomware": 0.0, "worm": 0.0232558139534883, "backdoor": 0.1627906976744186, "spyware": 0.0, "rootkit": 0.0, "encrypter": 0.0348837209302325, "downloader": 0.0930232558139534}}