{"features": {"malice": 0.9230769230769232, "generic": 0.3561643835616438, "trojan": 0.5342465753424658, "ransomware": 0.0, "worm": 0.0136986301369863, "backdoor": 0.0, "spyware": 0.0, "rootkit": 0.0, "encrypter": 0.0958904109589041, "downloader": 0.0}}