{"features": {"malice": 0.912, "generic": 0.5063291139240507, "trojan": 0.4556962025316455, "ransomware": 0.0, "worm": 0.0, "backdoor": 0.0, "spyware": 0.0, "rootkit": 0.0, "encrypter": 0.0379746835443038, "downloader": 0.0}}