{"features": {"malice": 0.9230769230769232, "generic": 0.4084507042253521, "trojan": 0.4225352112676056, "ransomware": 0.0, "worm": 0.0, "backdoor": 0.0, "spyware": 0.0, "rootkit": 0.0, "encrypter": 0.1690140845070422, "downloader": 0.0}}