{"features": {"malice": 0.9393939393939394, "generic": 0.3287671232876712, "trojan": 0.5753424657534246, "ransomware": 0.0, "worm": 0.0136986301369863, "backdoor": 0.0, "spyware": 0.0, "rootkit": 0.0, "encrypter": 0.0821917808219178, "downloader": 0.0}}