{"features": {"malice": 0.8346456692913385, "generic": 0.5079365079365079, "trojan": 0.492063492063492, "ransomware": 0.0, "worm": 0.0, "backdoor": 0.0, "spyware": 0.0, "rootkit": 0.0, "encrypter": 0.0, "downloader": 0.0}}