{"features": {"malice": 0.6753246753246753, "generic": 0.5, "trojan": 0.3846153846153846, "ransomware": 0.0, "worm": 0.0, "backdoor": 0.0, "spyware": 0.0, "rootkit": 0.0, "encrypter": 0.1153846153846153, "downloader": 0.0}}