{"features": {"malice": 0.7540983606557377, "generic": 0.417910447761194, "trojan": 0.3432835820895522, "ransomware": 0.0, "worm": 0.0149253731343283, "backdoor": 0.0, "spyware": 0.0, "rootkit": 0.0, "encrypter": 0.0, "downloader": 0.2238805970149253}}