{"features": {"malice": 0.7142857142857143, "generic": 0.4827586206896552, "trojan": 0.3275862068965517, "ransomware": 0.0, "worm": 0.0172413793103448, "backdoor": 0.0, "spyware": 0.0, "rootkit": 0.0, "encrypter": 0.0, "downloader": 0.1724137931034483}}