{"features": {"malice": 0.9333333333333332, "generic": 0.423728813559322, "trojan": 0.4406779661016949, "ransomware": 0.0, "worm": 0.0169491525423728, "backdoor": 0.0, "spyware": 0.0, "rootkit": 0.0, "encrypter": 0.1186440677966101, "downloader": 0.0}}