{"features": {"malice": 0.9245283018867924, "generic": 0.3584905660377358, "trojan": 0.490566037735849, "ransomware": 0.0, "worm": 0.0, "backdoor": 0.0377358490566037, "spyware": 0.0, "rootkit": 0.0, "encrypter": 0.1132075471698113, "downloader": 0.0}}