{"features": {"malice": 0.9345794392523364, "generic": 0.3692307692307692, "trojan": 0.4615384615384615, "ransomware": 0.0, "worm": 0.0, "backdoor": 0.0, "spyware": 0.0, "rootkit": 0.0, "encrypter": 0.1692307692307692, "downloader": 0.0}}