{"features": {"malice": 0.9245283018867924, "generic": 0.4603174603174603, "trojan": 0.4285714285714285, "ransomware": 0.0, "worm": 0.0158730158730158, "backdoor": 0.0, "spyware": 0.0, "rootkit": 0.0, "encrypter": 0.0634920634920634, "downloader": 0.0317460317460317}}