{"features": {"malice": 0.5925925925925926, "generic": 0.627906976744186, "trojan": 0.3720930232558139, "ransomware": 0.0, "worm": 0.0, "backdoor": 0.0, "spyware": 0.0, "rootkit": 0.0, "encrypter": 0.0, "downloader": 0.0}}