{"features": {"malice": 0.9245283018867924, "generic": 0.3703703703703703, "trojan": 0.5, "ransomware": 0.0, "worm": 0.0185185185185185, "backdoor": 0.0, "spyware": 0.0, "rootkit": 0.0, "encrypter": 0.1111111111111111, "downloader": 0.0}}