{"features": {"malice": 0.9345794392523364, "generic": 0.3333333333333333, "trojan": 0.5686274509803921, "ransomware": 0.0, "worm": 0.0196078431372549, "backdoor": 0.0, "spyware": 0.0, "rootkit": 0.0, "encrypter": 0.0784313725490196, "downloader": 0.0}}