{"features": {"malice": 0.9245283018867924, "generic": 0.3653846153846153, "trojan": 0.4615384615384615, "ransomware": 0.0, "worm": 0.0, "backdoor": 0.0384615384615384, "spyware": 0.0, "rootkit": 0.0, "encrypter": 0.1346153846153846, "downloader": 0.0}}