{"features": {"malice": 0.717948717948718, "generic": 0.4444444444444444, "trojan": 0.3492063492063492, "ransomware": 0.0, "worm": 0.0, "backdoor": 0.0, "spyware": 0.0, "rootkit": 0.0, "encrypter": 0.0, "downloader": 0.2063492063492063}}