{"features": {"malice": 0.9019607843137256, "generic": 0.365079365079365, "trojan": 0.3333333333333333, "ransomware": 0.0, "worm": 0.0, "backdoor": 0.1111111111111111, "spyware": 0.0, "rootkit": 0.0, "encrypter": 0.1269841269841269, "downloader": 0.0634920634920634}}