{"features": {"malice": 0.8932038834951457, "generic": 0.3269230769230769, "trojan": 0.4423076923076923, "ransomware": 0.0, "worm": 0.0, "backdoor": 0.1153846153846153, "spyware": 0.0, "rootkit": 0.0384615384615384, "encrypter": 0.0576923076923076, "downloader": 0.0192307692307692}}