{"features": {"malice": 0.859504132231405, "generic": 0.4385964912280701, "trojan": 0.4035087719298245, "ransomware": 0.0, "worm": 0.0, "backdoor": 0.0, "spyware": 0.0, "rootkit": 0.1403508771929824, "encrypter": 0.0175438596491228, "downloader": 0.0}}