{"features": {"malice": 0.9142857142857144, "generic": 0.3934426229508196, "trojan": 0.4426229508196721, "ransomware": 0.0, "worm": 0.0, "backdoor": 0.0, "spyware": 0.0, "rootkit": 0.0, "encrypter": 0.1639344262295081, "downloader": 0.0}}