{"features": {"malice": 0.8571428571428571, "generic": 0.4313725490196078, "trojan": 0.4313725490196078, "ransomware": 0.0, "worm": 0.0, "backdoor": 0.0, "spyware": 0.0, "rootkit": 0.0, "encrypter": 0.1372549019607843, "downloader": 0.0}}