{"features": {"malice": 0.9433962264150944, "generic": 0.3508771929824561, "trojan": 0.5087719298245614, "ransomware": 0.0175438596491228, "worm": 0.0175438596491228, "backdoor": 0.0, "spyware": 0.0, "rootkit": 0.0, "encrypter": 0.1052631578947368, "downloader": 0.0}}