{"features": {"malice": 0.784, "generic": 0.5, "trojan": 0.3472222222222222, "ransomware": 0.0, "worm": 0.0138888888888888, "backdoor": 0.0, "spyware": 0.0, "rootkit": 0.0, "encrypter": 0.0, "downloader": 0.1388888888888889}}