{"features": {"malice": 0.912, "generic": 0.492063492063492, "trojan": 0.4444444444444444, "ransomware": 0.0, "worm": 0.0, "backdoor": 0.0, "spyware": 0.0, "rootkit": 0.0, "encrypter": 0.0634920634920634, "downloader": 0.0}}