{"features": {"malice": 0.931297709923664, "generic": 0.463768115942029, "trojan": 0.4492753623188406, "ransomware": 0.0289855072463768, "worm": 0.0, "backdoor": 0.0, "spyware": 0.0, "rootkit": 0.0, "encrypter": 0.0579710144927536, "downloader": 0.0}}