{"features": {"malice": 0.9245283018867924, "generic": 0.3653846153846153, "trojan": 0.5, "ransomware": 0.0, "worm": 0.0192307692307692, "backdoor": 0.0, "spyware": 0.0, "rootkit": 0.0, "encrypter": 0.1153846153846153, "downloader": 0.0}}