{"features": {"malice": 0.8721804511278195, "generic": 0.4090909090909091, "trojan": 0.4242424242424242, "ransomware": 0.0, "worm": 0.0, "backdoor": 0.0, "spyware": 0.0, "rootkit": 0.1515151515151515, "encrypter": 0.0151515151515151, "downloader": 0.0}}