{"features": {"malice": 0.9433962264150944, "generic": 0.3018867924528302, "trojan": 0.5471698113207547, "ransomware": 0.0188679245283018, "worm": 0.0188679245283018, "backdoor": 0.0, "spyware": 0.0, "rootkit": 0.0, "encrypter": 0.1132075471698113, "downloader": 0.0}}