{"features": {"malice": 0.9345794392523364, "generic": 0.3272727272727272, "trojan": 0.4727272727272727, "ransomware": 0.0181818181818181, "worm": 0.0, "backdoor": 0.0, "spyware": 0.0, "rootkit": 0.0, "encrypter": 0.1818181818181818, "downloader": 0.0}}