{"features": {"malice": 0.927536231884058, "generic": 0.5, "trojan": 0.3513513513513513, "ransomware": 0.0, "worm": 0.0, "backdoor": 0.0, "spyware": 0.0, "rootkit": 0.0, "encrypter": 0.1081081081081081, "downloader": 0.0405405405405405}}