{"features": {"malice": 0.9532710280373832, "generic": 0.3673469387755102, "trojan": 0.5714285714285714, "ransomware": 0.0, "worm": 0.0204081632653061, "backdoor": 0.0, "spyware": 0.0, "rootkit": 0.0, "encrypter": 0.0408163265306122, "downloader": 0.0}}