{"features": {"malice": 0.86, "generic": 0.35, "trojan": 0.4833333333333333, "ransomware": 0.0, "worm": 0.0, "backdoor": 0.0166666666666666, "spyware": 0.0, "rootkit": 0.0166666666666666, "encrypter": 0.1166666666666666, "downloader": 0.0166666666666666}}