{"features": {"malice": 0.8976377952755905, "generic": 0.375, "trojan": 0.4464285714285714, "ransomware": 0.0, "worm": 0.0178571428571428, "backdoor": 0.0, "spyware": 0.0, "rootkit": 0.0, "encrypter": 0.1607142857142857, "downloader": 0.0}}