{"features": {"malice": 0.9142857142857144, "generic": 0.3559322033898305, "trojan": 0.4576271186440678, "ransomware": 0.0, "worm": 0.0169491525423728, "backdoor": 0.0, "spyware": 0.0, "rootkit": 0.0, "encrypter": 0.1186440677966101, "downloader": 0.0508474576271186}}