{"features": {"malice": 0.8721804511278195, "generic": 0.4929577464788732, "trojan": 0.5070422535211268, "ransomware": 0.0, "worm": 0.0, "backdoor": 0.0, "spyware": 0.0, "rootkit": 0.0, "encrypter": 0.0, "downloader": 0.0}}