{"features": {"malice": 0.8780487804878049, "generic": 0.4545454545454545, "trojan": 0.5454545454545454, "ransomware": 0.0, "worm": 0.0, "backdoor": 0.0, "spyware": 0.0, "rootkit": 0.0, "encrypter": 0.0, "downloader": 0.0}}