{"features": {"malice": 0.7226890756302521, "generic": 0.5671641791044776, "trojan": 0.2537313432835821, "ransomware": 0.0, "worm": 0.0149253731343283, "backdoor": 0.0, "spyware": 0.0, "rootkit": 0.0, "encrypter": 0.0, "downloader": 0.1641791044776119}}