{"features": {"malice": 0.8985507246376812, "generic": 0.4545454545454545, "trojan": 0.4393939393939394, "ransomware": 0.0, "worm": 0.0151515151515151, "backdoor": 0.0454545454545454, "spyware": 0.0, "rootkit": 0.0, "encrypter": 0.0454545454545454, "downloader": 0.0}}