{"features": {"malice": 0.9245283018867924, "generic": 0.2978723404255319, "trojan": 0.574468085106383, "ransomware": 0.0, "worm": 0.0212765957446808, "backdoor": 0.0, "spyware": 0.0, "rootkit": 0.0, "encrypter": 0.1063829787234042, "downloader": 0.0}}