{"features": {"malice": 0.9245283018867924, "generic": 0.4230769230769231, "trojan": 0.5, "ransomware": 0.0, "worm": 0.0384615384615384, "backdoor": 0.0, "spyware": 0.0, "rootkit": 0.0, "encrypter": 0.0384615384615384, "downloader": 0.0}}