{"features": {"malice": 0.9142857142857144, "generic": 0.3684210526315789, "trojan": 0.4736842105263157, "ransomware": 0.0, "worm": 0.0, "backdoor": 0.0, "spyware": 0.0, "rootkit": 0.0, "encrypter": 0.1578947368421052, "downloader": 0.0}}