{"features": {"malice": 0.9142857142857144, "generic": 0.4385964912280701, "trojan": 0.4385964912280701, "ransomware": 0.0, "worm": 0.0175438596491228, "backdoor": 0.0, "spyware": 0.0, "rootkit": 0.0, "encrypter": 0.1052631578947368, "downloader": 0.0}}