{"features": {"malice": 0.9147286821705426, "generic": 0.4571428571428571, "trojan": 0.4, "ransomware": 0.0142857142857142, "worm": 0.0, "backdoor": 0.0, "spyware": 0.0, "rootkit": 0.0, "encrypter": 0.1285714285714285, "downloader": 0.0}}