{"features": {"malice": 0.8888888888888888, "generic": 0.5416666666666666, "trojan": 0.4583333333333333, "ransomware": 0.0, "worm": 0.0, "backdoor": 0.0, "spyware": 0.0, "rootkit": 0.0, "encrypter": 0.0, "downloader": 0.0}}