{"features": {"malice": 0.9142857142857144, "generic": 0.3833333333333333, "trojan": 0.4166666666666667, "ransomware": 0.0, "worm": 0.0, "backdoor": 0.0, "spyware": 0.0, "rootkit": 0.0, "encrypter": 0.2, "downloader": 0.0}}