{"features": {"malice": 0.9019607843137256, "generic": 0.3877551020408163, "trojan": 0.4489795918367347, "ransomware": 0.0, "worm": 0.0, "backdoor": 0.0408163265306122, "spyware": 0.0, "rootkit": 0.0, "encrypter": 0.1224489795918367, "downloader": 0.0}}