{"features": {"malice": 0.8823529411764706, "generic": 0.3571428571428571, "trojan": 0.4642857142857143, "ransomware": 0.0357142857142857, "worm": 0.0, "backdoor": 0.0357142857142857, "spyware": 0.0, "rootkit": 0.0, "encrypter": 0.1071428571428571, "downloader": 0.0}}