{"features": {"malice": 0.7333333333333333, "generic": 0.4142857142857143, "trojan": 0.3285714285714285, "ransomware": 0.0, "worm": 0.0, "backdoor": 0.0, "spyware": 0.0, "rootkit": 0.0, "encrypter": 0.0, "downloader": 0.2571428571428571}}