{"features": {"malice": 0.903846153846154, "generic": 0.3508771929824561, "trojan": 0.4035087719298245, "ransomware": 0.0, "worm": 0.0, "backdoor": 0.0175438596491228, "spyware": 0.0175438596491228, "rootkit": 0.0, "encrypter": 0.2105263157894736, "downloader": 0.0}}