{"features": {"malice": 0.9345794392523364, "generic": 0.375, "trojan": 0.5, "ransomware": 0.0, "worm": 0.0178571428571428, "backdoor": 0.0, "spyware": 0.0, "rootkit": 0.0, "encrypter": 0.0892857142857142, "downloader": 0.0178571428571428}}