{"features": {"malice": 0.9245283018867924, "generic": 0.3877551020408163, "trojan": 0.5510204081632653, "ransomware": 0.0, "worm": 0.0408163265306122, "backdoor": 0.0, "spyware": 0.0, "rootkit": 0.0, "encrypter": 0.0204081632653061, "downloader": 0.0}}