{"features": {"malice": 0.8787878787878788, "generic": 0.5151515151515151, "trojan": 0.4242424242424242, "ransomware": 0.0, "worm": 0.0, "backdoor": 0.0, "spyware": 0.0, "rootkit": 0.0454545454545454, "encrypter": 0.0151515151515151, "downloader": 0.0}}