{"features": {"malice": 0.9523809523809524, "generic": 0.2982456140350877, "trojan": 0.5614035087719298, "ransomware": 0.0, "worm": 0.0350877192982456, "backdoor": 0.0, "spyware": 0.0, "rootkit": 0.0, "encrypter": 0.1052631578947368, "downloader": 0.0}}