{"features": {"malice": 0.8712871287128713, "generic": 0.3703703703703703, "trojan": 0.3888888888888889, "ransomware": 0.0185185185185185, "worm": 0.0, "backdoor": 0.074074074074074, "spyware": 0.0, "rootkit": 0.0, "encrypter": 0.1481481481481481, "downloader": 0.0}}