{"features": {"malice": 0.943661971830986, "generic": 0.4594594594594595, "trojan": 0.4189189189189189, "ransomware": 0.027027027027027, "worm": 0.0135135135135135, "backdoor": 0.0, "spyware": 0.0, "rootkit": 0.0, "encrypter": 0.081081081081081, "downloader": 0.0}}