{"features": {"malice": 0.8823529411764706, "generic": 0.392156862745098, "trojan": 0.392156862745098, "ransomware": 0.0, "worm": 0.0, "backdoor": 0.0980392156862745, "spyware": 0.0, "rootkit": 0.0392156862745098, "encrypter": 0.0588235294117647, "downloader": 0.0196078431372549}}