{"features": {"malice": 0.8484848484848485, "generic": 0.425531914893617, "trojan": 0.3829787234042553, "ransomware": 0.0, "worm": 0.0, "backdoor": 0.0212765957446808, "spyware": 0.0, "rootkit": 0.0, "encrypter": 0.1489361702127659, "downloader": 0.0212765957446808}}