{"features": {"malice": 0.903846153846154, "generic": 0.2666666666666666, "trojan": 0.4, "ransomware": 0.0, "worm": 0.0, "backdoor": 0.1466666666666666, "spyware": 0.0, "rootkit": 0.0, "encrypter": 0.1066666666666666, "downloader": 0.08}}