{"features": {"malice": 0.8769230769230769, "generic": 0.4848484848484848, "trojan": 0.4393939393939394, "ransomware": 0.0, "worm": 0.0, "backdoor": 0.0, "spyware": 0.0, "rootkit": 0.0606060606060606, "encrypter": 0.0151515151515151, "downloader": 0.0}}