{"features": {"malice": 0.8617886178861789, "generic": 0.360655737704918, "trojan": 0.3934426229508196, "ransomware": 0.0, "worm": 0.0, "backdoor": 0.0, "spyware": 0.0, "rootkit": 0.0, "encrypter": 0.2459016393442623, "downloader": 0.0}}