{"features": {"malice": 0.9142857142857144, "generic": 0.3818181818181818, "trojan": 0.4727272727272727, "ransomware": 0.0, "worm": 0.0181818181818181, "backdoor": 0.0, "spyware": 0.0, "rootkit": 0.0, "encrypter": 0.1272727272727272, "downloader": 0.0}}