{"features": {"malice": 0.9285714285714286, "generic": 0.5217391304347826, "trojan": 0.2608695652173913, "ransomware": 0.0, "worm": 0.0, "backdoor": 0.1739130434782608, "spyware": 0.0, "rootkit": 0.0, "encrypter": 0.0434782608695652, "downloader": 0.0}}