{"features": {"malice": 0.9142857142857144, "generic": 0.3181818181818182, "trojan": 0.4848484848484848, "ransomware": 0.0151515151515151, "worm": 0.0, "backdoor": 0.0303030303030303, "spyware": 0.0, "rootkit": 0.0151515151515151, "encrypter": 0.1212121212121212, "downloader": 0.0151515151515151}}