{"features": {"malice": 0.9230769230769232, "generic": 0.3728813559322034, "trojan": 0.4067796610169492, "ransomware": 0.0169491525423728, "worm": 0.0, "backdoor": 0.0, "spyware": 0.0, "rootkit": 0.0, "encrypter": 0.2033898305084746, "downloader": 0.0}}