{"features": {"malice": 0.7540983606557377, "generic": 0.4918032786885246, "trojan": 0.3114754098360656, "ransomware": 0.0, "worm": 0.0163934426229508, "backdoor": 0.0, "spyware": 0.0, "rootkit": 0.0, "encrypter": 0.0, "downloader": 0.180327868852459}}