{"features": {"malice": 0.903846153846154, "generic": 0.3035714285714285, "trojan": 0.4285714285714285, "ransomware": 0.0357142857142857, "worm": 0.0, "backdoor": 0.0357142857142857, "spyware": 0.0, "rootkit": 0.0178571428571428, "encrypter": 0.1607142857142857, "downloader": 0.0178571428571428}}