{"features": {"malice": 0.9402985074626866, "generic": 0.4428571428571428, "trojan": 0.4857142857142857, "ransomware": 0.0, "worm": 0.0, "backdoor": 0.0, "spyware": 0.0, "rootkit": 0.0, "encrypter": 0.0714285714285714, "downloader": 0.0}}