{"features": {"malice": 0.9345794392523364, "generic": 0.4461538461538462, "trojan": 0.4461538461538462, "ransomware": 0.0, "worm": 0.0153846153846153, "backdoor": 0.0, "spyware": 0.0, "rootkit": 0.0, "encrypter": 0.0769230769230769, "downloader": 0.0153846153846153}}