{"features": {"malice": 0.9285714285714286, "generic": 0.4691358024691358, "trojan": 0.419753086419753, "ransomware": 0.0, "worm": 0.0123456790123456, "backdoor": 0.0123456790123456, "spyware": 0.0, "rootkit": 0.0, "encrypter": 0.0864197530864197, "downloader": 0.0}}