{"features": {"malice": 0.88, "generic": 0.4918032786885246, "trojan": 0.3770491803278688, "ransomware": 0.0, "worm": 0.0, "backdoor": 0.0, "spyware": 0.0, "rootkit": 0.0, "encrypter": 0.1311475409836065, "downloader": 0.0}}