{"features": {"malice": 0.8932038834951457, "generic": 0.3333333333333333, "trojan": 0.4285714285714285, "ransomware": 0.0, "worm": 0.0158730158730158, "backdoor": 0.0634920634920634, "spyware": 0.0, "rootkit": 0.0158730158730158, "encrypter": 0.1269841269841269, "downloader": 0.0158730158730158}}