{"features": {"malice": 0.7666666666666667, "generic": 0.5147058823529411, "trojan": 0.3235294117647059, "ransomware": 0.0, "worm": 0.0147058823529411, "backdoor": 0.0, "spyware": 0.0, "rootkit": 0.0, "encrypter": 0.0, "downloader": 0.1470588235294117}}