{"features": {"malice": 0.9541284403669724, "generic": 0.4137931034482758, "trojan": 0.4655172413793103, "ransomware": 0.0172413793103448, "worm": 0.0172413793103448, "backdoor": 0.0, "spyware": 0.0, "rootkit": 0.0, "encrypter": 0.0862068965517241, "downloader": 0.0}}