{"features": {"malice": 0.8805970149253731, "generic": 0.4571428571428571, "trojan": 0.5428571428571428, "ransomware": 0.0, "worm": 0.0, "backdoor": 0.0, "spyware": 0.0, "rootkit": 0.0, "encrypter": 0.0, "downloader": 0.0}}