{"features": {"malice": 0.9333333333333332, "generic": 0.3114754098360656, "trojan": 0.5573770491803278, "ransomware": 0.0, "worm": 0.0163934426229508, "backdoor": 0.0, "spyware": 0.0, "rootkit": 0.0, "encrypter": 0.1147540983606557, "downloader": 0.0}}