{"features": {"malice": 0.90625, "generic": 0.423728813559322, "trojan": 0.4067796610169492, "ransomware": 0.0, "worm": 0.0169491525423728, "backdoor": 0.0, "spyware": 0.0, "rootkit": 0.0, "encrypter": 0.1525423728813559, "downloader": 0.0}}