{"features": {"malice": 0.8181818181818182, "generic": 0.4230769230769231, "trojan": 0.5192307692307693, "ransomware": 0.0, "worm": 0.0, "backdoor": 0.0, "spyware": 0.0, "rootkit": 0.0, "encrypter": 0.0576923076923076, "downloader": 0.0}}