{"features": {"malice": 0.9541284403669724, "generic": 0.4285714285714285, "trojan": 0.4821428571428571, "ransomware": 0.0, "worm": 0.0178571428571428, "backdoor": 0.0, "spyware": 0.0, "rootkit": 0.0, "encrypter": 0.0714285714285714, "downloader": 0.0}}