{"features": {"malice": 0.9532710280373832, "generic": 0.3571428571428571, "trojan": 0.4714285714285714, "ransomware": 0.0, "worm": 0.0, "backdoor": 0.0, "spyware": 0.0, "rootkit": 0.0, "encrypter": 0.1714285714285714, "downloader": 0.0}}