{"features": {"malice": 0.9345794392523364, "generic": 0.3174603174603174, "trojan": 0.3968253968253968, "ransomware": 0.0, "worm": 0.0, "backdoor": 0.1269841269841269, "spyware": 0.0, "rootkit": 0.0158730158730158, "encrypter": 0.1269841269841269, "downloader": 0.0158730158730158}}