{"features": {"malice": 0.9245283018867924, "generic": 0.3809523809523809, "trojan": 0.4761904761904761, "ransomware": 0.0, "worm": 0.0317460317460317, "backdoor": 0.0, "spyware": 0.0, "rootkit": 0.0, "encrypter": 0.1111111111111111, "downloader": 0.0}}