{"features": {"malice": 0.9104477611940298, "generic": 0.515625, "trojan": 0.4375, "ransomware": 0.0, "worm": 0.015625, "backdoor": 0.0, "spyware": 0.0, "rootkit": 0.0, "encrypter": 0.015625, "downloader": 0.015625}}