{"features": {"malice": 0.7413793103448276, "generic": 0.4107142857142857, "trojan": 0.3035714285714285, "ransomware": 0.0, "worm": 0.0178571428571428, "backdoor": 0.0, "spyware": 0.0, "rootkit": 0.0, "encrypter": 0.0, "downloader": 0.2678571428571428}}