{"features": {"malice": 0.9532710280373832, "generic": 0.4333333333333333, "trojan": 0.4666666666666667, "ransomware": 0.0, "worm": 0.0166666666666666, "backdoor": 0.0, "spyware": 0.0, "rootkit": 0.0, "encrypter": 0.0666666666666666, "downloader": 0.0166666666666666}}