{"features": {"malice": 0.9444444444444444, "generic": 0.2280701754385964, "trojan": 0.5964912280701754, "ransomware": 0.0, "worm": 0.0, "backdoor": 0.0350877192982456, "spyware": 0.0, "rootkit": 0.0, "encrypter": 0.1052631578947368, "downloader": 0.0350877192982456}}