{"features": {"malice": 0.9245283018867924, "generic": 0.4509803921568627, "trojan": 0.4705882352941176, "ransomware": 0.0, "worm": 0.0196078431372549, "backdoor": 0.0, "spyware": 0.0, "rootkit": 0.0, "encrypter": 0.0588235294117647, "downloader": 0.0}}