{"features": {"malice": 0.931297709923664, "generic": 0.3770491803278688, "trojan": 0.5573770491803278, "ransomware": 0.0, "worm": 0.0, "backdoor": 0.0, "spyware": 0.0, "rootkit": 0.0, "encrypter": 0.0655737704918032, "downloader": 0.0}}