{"features": {"malice": 0.9345794392523364, "generic": 0.1403508771929824, "trojan": 0.4210526315789473, "ransomware": 0.0175438596491228, "worm": 0.0, "backdoor": 0.2280701754385964, "spyware": 0.0, "rootkit": 0.0175438596491228, "encrypter": 0.175438596491228, "downloader": 0.0}}