{"features": {"malice": 0.8932038834951457, "generic": 0.4807692307692308, "trojan": 0.4423076923076923, "ransomware": 0.0, "worm": 0.0384615384615384, "backdoor": 0.0, "spyware": 0.0, "rootkit": 0.0, "encrypter": 0.0384615384615384, "downloader": 0.0}}