{"features": {"malice": 0.90625, "generic": 0.3472222222222222, "trojan": 0.4166666666666667, "ransomware": 0.0, "worm": 0.0, "backdoor": 0.0138888888888888, "spyware": 0.0, "rootkit": 0.0, "encrypter": 0.2083333333333333, "downloader": 0.0138888888888888}}