{"features": {"malice": 0.7804878048780488, "generic": 0.5, "trojan": 0.3333333333333333, "ransomware": 0.0, "worm": 0.0138888888888888, "backdoor": 0.0, "spyware": 0.0, "rootkit": 0.0, "encrypter": 0.0, "downloader": 0.1527777777777778}}