{"features": {"malice": 0.9345794392523364, "generic": 0.4426229508196721, "trojan": 0.2459016393442623, "ransomware": 0.0, "worm": 0.0, "backdoor": 0.1967213114754098, "spyware": 0.0, "rootkit": 0.0327868852459016, "encrypter": 0.0655737704918032, "downloader": 0.0163934426229508}}