{"features": {"malice": 0.9019607843137256, "generic": 0.3148148148148148, "trojan": 0.3518518518518518, "ransomware": 0.0185185185185185, "worm": 0.0, "backdoor": 0.0555555555555555, "spyware": 0.0, "rootkit": 0.0555555555555555, "encrypter": 0.1851851851851851, "downloader": 0.0185185185185185}}