{"features": {"malice": 0.7288135593220338, "generic": 0.55, "trojan": 0.2666666666666666, "ransomware": 0.0, "worm": 0.0166666666666666, "backdoor": 0.0, "spyware": 0.0, "rootkit": 0.0, "encrypter": 0.0, "downloader": 0.1666666666666666}}