{"features": {"malice": 0.9444444444444444, "generic": 0.3090909090909091, "trojan": 0.5272727272727272, "ransomware": 0.0, "worm": 0.0181818181818181, "backdoor": 0.0, "spyware": 0.0, "rootkit": 0.0, "encrypter": 0.1454545454545454, "downloader": 0.0}}