{"features": {"malice": 0.8905109489051095, "generic": 0.5068493150684932, "trojan": 0.4931506849315068, "ransomware": 0.0, "worm": 0.0, "backdoor": 0.0, "spyware": 0.0, "rootkit": 0.0, "encrypter": 0.0, "downloader": 0.0}}