{"features": {"malice": 0.9333333333333332, "generic": 0.25, "trojan": 0.6071428571428571, "ransomware": 0.0, "worm": 0.0, "backdoor": 0.0178571428571428, "spyware": 0.0, "rootkit": 0.0, "encrypter": 0.1071428571428571, "downloader": 0.0178571428571428}}