{"features": {"malice": 0.9333333333333332, "generic": 0.4262295081967213, "trojan": 0.4754098360655737, "ransomware": 0.0, "worm": 0.0163934426229508, "backdoor": 0.0, "spyware": 0.0, "rootkit": 0.0, "encrypter": 0.0655737704918032, "downloader": 0.0163934426229508}}