{"features": {"malice": 0.8837209302325582, "generic": 0.3623188405797101, "trojan": 0.4347826086956521, "ransomware": 0.1884057971014492, "worm": 0.0, "backdoor": 0.0, "spyware": 0.0, "rootkit": 0.0, "encrypter": 0.0, "downloader": 0.0144927536231884}}