{"features": {"malice": 0.8976377952755905, "generic": 0.4477611940298507, "trojan": 0.3880597014925373, "ransomware": 0.0, "worm": 0.0, "backdoor": 0.0149253731343283, "spyware": 0.0, "rootkit": 0.0, "encrypter": 0.1044776119402985, "downloader": 0.044776119402985}}