{"features": {"malice": 0.9245283018867924, "generic": 0.3396226415094339, "trojan": 0.5283018867924528, "ransomware": 0.0377358490566037, "worm": 0.0188679245283018, "backdoor": 0.0, "spyware": 0.0, "rootkit": 0.0, "encrypter": 0.0754716981132075, "downloader": 0.0}}