{"features": {"malice": 0.8780487804878049, "generic": 0.4333333333333333, "trojan": 0.4166666666666667, "ransomware": 0.0, "worm": 0.0, "backdoor": 0.0, "spyware": 0.0, "rootkit": 0.1333333333333333, "encrypter": 0.0166666666666666, "downloader": 0.0}}