{"features": {"malice": 0.9142857142857144, "generic": 0.3387096774193548, "trojan": 0.5806451612903226, "ransomware": 0.0, "worm": 0.0161290322580645, "backdoor": 0.0, "spyware": 0.0, "rootkit": 0.0, "encrypter": 0.064516129032258, "downloader": 0.0}}