{"features": {"malice": 0.9245283018867924, "generic": 0.2962962962962963, "trojan": 0.5740740740740741, "ransomware": 0.0, "worm": 0.0, "backdoor": 0.0, "spyware": 0.0, "rootkit": 0.0, "encrypter": 0.1296296296296296, "downloader": 0.0}}