{"features": {"malice": 0.9444444444444444, "generic": 0.3492063492063492, "trojan": 0.5238095238095238, "ransomware": 0.0, "worm": 0.0317460317460317, "backdoor": 0.0, "spyware": 0.0, "rootkit": 0.0, "encrypter": 0.0952380952380952, "downloader": 0.0}}