{"features": {"malice": 0.8739495798319328, "generic": 0.4406779661016949, "trojan": 0.559322033898305, "ransomware": 0.0, "worm": 0.0, "backdoor": 0.0, "spyware": 0.0, "rootkit": 0.0, "encrypter": 0.0, "downloader": 0.0}}