{"features": {"malice": 0.9345794392523364, "generic": 0.4035087719298245, "trojan": 0.4912280701754385, "ransomware": 0.0, "worm": 0.0175438596491228, "backdoor": 0.0, "spyware": 0.0, "rootkit": 0.0, "encrypter": 0.0701754385964912, "downloader": 0.0175438596491228}}