{"features": {"malice": 0.9444444444444444, "generic": 0.3333333333333333, "trojan": 0.5217391304347826, "ransomware": 0.0, "worm": 0.0, "backdoor": 0.0144927536231884, "spyware": 0.0, "rootkit": 0.0, "encrypter": 0.1159420289855072, "downloader": 0.0144927536231884}}