{"features": {"malice": 0.9090909090909092, "generic": 0.4098360655737705, "trojan": 0.4590163934426229, "ransomware": 0.0, "worm": 0.0, "backdoor": 0.0, "spyware": 0.0, "rootkit": 0.0, "encrypter": 0.1147540983606557, "downloader": 0.0163934426229508}}