{"features": {"malice": 0.8932038834951457, "generic": 0.3928571428571428, "trojan": 0.4464285714285714, "ransomware": 0.0, "worm": 0.0178571428571428, "backdoor": 0.0, "spyware": 0.0, "rootkit": 0.0, "encrypter": 0.125, "downloader": 0.0178571428571428}}