{"features": {"malice": 0.9245283018867924, "generic": 0.3333333333333333, "trojan": 0.4509803921568627, "ransomware": 0.0, "worm": 0.0, "backdoor": 0.0392156862745098, "spyware": 0.0, "rootkit": 0.0, "encrypter": 0.1764705882352941, "downloader": 0.0}}