{"features": {"malice": 0.90625, "generic": 0.5074626865671642, "trojan": 0.4328358208955223, "ransomware": 0.0, "worm": 0.0298507462686567, "backdoor": 0.0, "spyware": 0.0, "rootkit": 0.0, "encrypter": 0.0298507462686567, "downloader": 0.0}}