{"features": {"malice": 0.9142857142857144, "generic": 0.2978723404255319, "trojan": 0.0638297872340425, "ransomware": 0.0851063829787234, "worm": 0.4680851063829787, "backdoor": 0.0, "spyware": 0.0, "rootkit": 0.0, "encrypter": 0.0851063829787234, "downloader": 0.0}}