{"features": {"malice": 0.7704918032786885, "generic": 0.5454545454545454, "trojan": 0.3333333333333333, "ransomware": 0.0, "worm": 0.0151515151515151, "backdoor": 0.0, "spyware": 0.0, "rootkit": 0.0, "encrypter": 0.0, "downloader": 0.106060606060606}}