{"features": {"malice": 0.9185185185185184, "generic": 0.4342105263157895, "trojan": 0.4210526315789473, "ransomware": 0.0131578947368421, "worm": 0.0131578947368421, "backdoor": 0.0131578947368421, "spyware": 0.0, "rootkit": 0.0, "encrypter": 0.0789473684210526, "downloader": 0.0263157894736842}}