{"features": {"malice": 0.9306930693069309, "generic": 0.3137254901960784, "trojan": 0.5490196078431373, "ransomware": 0.0, "worm": 0.0, "backdoor": 0.0, "spyware": 0.0, "rootkit": 0.0, "encrypter": 0.1372549019607843, "downloader": 0.0}}