{"features": {"malice": 0.9541284403669724, "generic": 0.320754716981132, "trojan": 0.5660377358490566, "ransomware": 0.0, "worm": 0.0188679245283018, "backdoor": 0.0, "spyware": 0.0, "rootkit": 0.0, "encrypter": 0.0943396226415094, "downloader": 0.0}}