{"features": {"malice": 0.931297709923664, "generic": 0.417910447761194, "trojan": 0.4029850746268656, "ransomware": 0.0, "worm": 0.0, "backdoor": 0.044776119402985, "spyware": 0.0, "rootkit": 0.0, "encrypter": 0.1343283582089552, "downloader": 0.0}}