{"features": {"malice": 0.5714285714285714, "generic": 0.5192307692307693, "trojan": 0.4038461538461538, "ransomware": 0.0, "worm": 0.0, "backdoor": 0.0, "spyware": 0.0, "rootkit": 0.0, "encrypter": 0.0, "downloader": 0.0769230769230769}}