{"features": {"malice": 0.9051094890510948, "generic": 0.5211267605633803, "trojan": 0.3098591549295774, "ransomware": 0.0140845070422535, "worm": 0.0, "backdoor": 0.0, "spyware": 0.0, "rootkit": 0.0, "encrypter": 0.1549295774647887, "downloader": 0.0}}