{"features": {"malice": 0.7241379310344828, "generic": 0.4, "trojan": 0.2909090909090909, "ransomware": 0.0, "worm": 0.0181818181818181, "backdoor": 0.0, "spyware": 0.0, "rootkit": 0.0, "encrypter": 0.0, "downloader": 0.2909090909090909}}