{"features": {"malice": 0.9133858267716536, "generic": 0.4615384615384615, "trojan": 0.4153846153846154, "ransomware": 0.0, "worm": 0.0, "backdoor": 0.0, "spyware": 0.0, "rootkit": 0.0, "encrypter": 0.1076923076923077, "downloader": 0.0153846153846153}}