{"features": {"malice": 0.9541284403669724, "generic": 0.423728813559322, "trojan": 0.5084745762711864, "ransomware": 0.0, "worm": 0.0169491525423728, "backdoor": 0.0, "spyware": 0.0, "rootkit": 0.0, "encrypter": 0.0508474576271186, "downloader": 0.0}}