{"features": {"malice": 0.743801652892562, "generic": 0.5138888888888888, "trojan": 0.3194444444444444, "ransomware": 0.0, "worm": 0.0, "backdoor": 0.0, "spyware": 0.0, "rootkit": 0.0, "encrypter": 0.0, "downloader": 0.1666666666666666}}