{"features": {"malice": 0.9064748201438848, "generic": 0.4819277108433735, "trojan": 0.4337349397590361, "ransomware": 0.0, "worm": 0.0120481927710843, "backdoor": 0.0, "spyware": 0.0, "rootkit": 0.0, "encrypter": 0.072289156626506, "downloader": 0.0}}