{"features": {"malice": 0.859504132231405, "generic": 0.4915254237288136, "trojan": 0.3728813559322034, "ransomware": 0.0, "worm": 0.0, "backdoor": 0.0, "spyware": 0.0, "rootkit": 0.1186440677966101, "encrypter": 0.0169491525423728, "downloader": 0.0}}