{"features": {"malice": 0.8976377952755905, "generic": 0.4285714285714285, "trojan": 0.4761904761904761, "ransomware": 0.0, "worm": 0.0, "backdoor": 0.0, "spyware": 0.0, "rootkit": 0.0, "encrypter": 0.0952380952380952, "downloader": 0.0}}