{"features": {"malice": 0.86, "generic": 0.2909090909090909, "trojan": 0.3454545454545454, "ransomware": 0.0, "worm": 0.0181818181818181, "backdoor": 0.1818181818181818, "spyware": 0.0, "rootkit": 0.0181818181818181, "encrypter": 0.0545454545454545, "downloader": 0.0909090909090909}}