{"features": {"malice": 0.9433962264150944, "generic": 0.3448275862068966, "trojan": 0.4482758620689655, "ransomware": 0.0172413793103448, "worm": 0.0, "backdoor": 0.0, "spyware": 0.0, "rootkit": 0.0, "encrypter": 0.1896551724137931, "downloader": 0.0}}