{"features": {"malice": 0.8932038834951457, "generic": 0.2765957446808511, "trojan": 0.5957446808510638, "ransomware": 0.0, "worm": 0.0, "backdoor": 0.0, "spyware": 0.0, "rootkit": 0.0, "encrypter": 0.1276595744680851, "downloader": 0.0}}