{"features": {"malice": 0.9230769230769232, "generic": 0.4189189189189189, "trojan": 0.4864864864864865, "ransomware": 0.0, "worm": 0.0, "backdoor": 0.0, "spyware": 0.0, "rootkit": 0.0, "encrypter": 0.0945945945945946, "downloader": 0.0}}