{"features": {"malice": 0.931297709923664, "generic": 0.4126984126984127, "trojan": 0.492063492063492, "ransomware": 0.0, "worm": 0.0, "backdoor": 0.0, "spyware": 0.0, "rootkit": 0.0, "encrypter": 0.0952380952380952, "downloader": 0.0}}