{"features": {"malice": 0.9245283018867924, "generic": 0.3529411764705882, "trojan": 0.5490196078431373, "ransomware": 0.0, "worm": 0.0, "backdoor": 0.0, "spyware": 0.0, "rootkit": 0.0, "encrypter": 0.0980392156862745, "downloader": 0.0}}