{"features": {"malice": 0.8932038834951457, "generic": 0.375, "trojan": 0.4285714285714285, "ransomware": 0.0, "worm": 0.0, "backdoor": 0.0178571428571428, "spyware": 0.0, "rootkit": 0.0, "encrypter": 0.1607142857142857, "downloader": 0.0178571428571428}}