{"features": {"malice": 0.8598130841121495, "generic": 0.3454545454545454, "trojan": 0.4, "ransomware": 0.0, "worm": 0.0, "backdoor": 0.0, "spyware": 0.0, "rootkit": 0.0, "encrypter": 0.2545454545454545, "downloader": 0.0}}