{"features": {"malice": 0.9019607843137256, "generic": 0.3076923076923077, "trojan": 0.4615384615384615, "ransomware": 0.0, "worm": 0.0, "backdoor": 0.0192307692307692, "spyware": 0.0192307692307692, "rootkit": 0.0, "encrypter": 0.1923076923076923, "downloader": 0.0}}