{"features": {"malice": 0.9333333333333332, "generic": 0.3962264150943396, "trojan": 0.5283018867924528, "ransomware": 0.0, "worm": 0.0188679245283018, "backdoor": 0.0, "spyware": 0.0, "rootkit": 0.0, "encrypter": 0.0566037735849056, "downloader": 0.0}}