{"features": {"malice": 0.743801652892562, "generic": 0.4918032786885246, "trojan": 0.2950819672131147, "ransomware": 0.0, "worm": 0.0163934426229508, "backdoor": 0.0, "spyware": 0.0, "rootkit": 0.0, "encrypter": 0.0, "downloader": 0.1967213114754098}}