{"features": {"malice": 0.8739495798319328, "generic": 0.3684210526315789, "trojan": 0.4561403508771929, "ransomware": 0.0, "worm": 0.0, "backdoor": 0.0, "spyware": 0.0, "rootkit": 0.0, "encrypter": 0.175438596491228, "downloader": 0.0}}