{"features": {"malice": 0.9215686274509804, "generic": 0.4426229508196721, "trojan": 0.4098360655737705, "ransomware": 0.0, "worm": 0.0163934426229508, "backdoor": 0.0, "spyware": 0.0, "rootkit": 0.0, "encrypter": 0.1311475409836065, "downloader": 0.0}}