{"features": {"malice": 0.9345794392523364, "generic": 0.3538461538461538, "trojan": 0.5230769230769231, "ransomware": 0.0153846153846153, "worm": 0.0, "backdoor": 0.0, "spyware": 0.0, "rootkit": 0.0, "encrypter": 0.1076923076923077, "downloader": 0.0}}