{"features": {"malice": 0.9333333333333332, "generic": 0.4126984126984127, "trojan": 0.4603174603174603, "ransomware": 0.0, "worm": 0.0317460317460317, "backdoor": 0.0, "spyware": 0.0, "rootkit": 0.0, "encrypter": 0.0952380952380952, "downloader": 0.0}}