{"features": {"malice": 0.9264705882352942, "generic": 0.4805194805194805, "trojan": 0.4805194805194805, "ransomware": 0.0, "worm": 0.0129870129870129, "backdoor": 0.0, "spyware": 0.0, "rootkit": 0.0, "encrypter": 0.0259740259740259, "downloader": 0.0}}