{"features": {"malice": 0.8888888888888888, "generic": 0.4545454545454545, "trojan": 0.4393939393939394, "ransomware": 0.0, "worm": 0.0, "backdoor": 0.0, "spyware": 0.0, "rootkit": 0.0909090909090909, "encrypter": 0.0151515151515151, "downloader": 0.0}}