{"features": {"malice": 0.8976377952755905, "generic": 0.5223880597014925, "trojan": 0.3880597014925373, "ransomware": 0.0149253731343283, "worm": 0.0298507462686567, "backdoor": 0.0, "spyware": 0.0, "rootkit": 0.0, "encrypter": 0.044776119402985, "downloader": 0.0}}