{"features": {"malice": 0.9444444444444444, "generic": 0.3636363636363636, "trojan": 0.5636363636363636, "ransomware": 0.0181818181818181, "worm": 0.0181818181818181, "backdoor": 0.0, "spyware": 0.0, "rootkit": 0.0, "encrypter": 0.0363636363636363, "downloader": 0.0}}