{"features": {"malice": 0.9037037037037036, "generic": 0.5405405405405406, "trojan": 0.4594594594594595, "ransomware": 0.0, "worm": 0.0, "backdoor": 0.0, "spyware": 0.0, "rootkit": 0.0, "encrypter": 0.0, "downloader": 0.0}}