{"features": {"malice": 0.7288135593220338, "generic": 0.4262295081967213, "trojan": 0.2950819672131147, "ransomware": 0.0, "worm": 0.0, "backdoor": 0.0, "spyware": 0.0, "rootkit": 0.0, "encrypter": 0.0, "downloader": 0.2786885245901639}}