{"features": {"malice": 0.9253731343283582, "generic": 0.4027777777777778, "trojan": 0.4027777777777778, "ransomware": 0.0138888888888888, "worm": 0.0, "backdoor": 0.0, "spyware": 0.0, "rootkit": 0.0, "encrypter": 0.1111111111111111, "downloader": 0.0694444444444444}}