{"features": {"malice": 0.616822429906542, "generic": 0.4090909090909091, "trojan": 0.3181818181818182, "ransomware": 0.0, "worm": 0.0227272727272727, "backdoor": 0.0, "spyware": 0.0, "rootkit": 0.0, "encrypter": 0.0, "downloader": 0.25}}