{"features": {"malice": 0.8709677419354839, "generic": 0.392156862745098, "trojan": 0.392156862745098, "ransomware": 0.0, "worm": 0.0, "backdoor": 0.0, "spyware": 0.0, "rootkit": 0.0, "encrypter": 0.2156862745098039, "downloader": 0.0}}