{"features": {"malice": 0.9147286821705426, "generic": 0.4098360655737705, "trojan": 0.4918032786885246, "ransomware": 0.0, "worm": 0.0, "backdoor": 0.0, "spyware": 0.0, "rootkit": 0.0, "encrypter": 0.0983606557377049, "downloader": 0.0}}