{"features": {"malice": 0.9444444444444444, "generic": 0.2941176470588235, "trojan": 0.5686274509803921, "ransomware": 0.0, "worm": 0.0196078431372549, "backdoor": 0.0196078431372549, "spyware": 0.0, "rootkit": 0.0, "encrypter": 0.0784313725490196, "downloader": 0.0196078431372549}}