{"features": {"malice": 0.8760330578512396, "generic": 0.4761904761904761, "trojan": 0.5238095238095238, "ransomware": 0.0, "worm": 0.0, "backdoor": 0.0, "spyware": 0.0, "rootkit": 0.0, "encrypter": 0.0, "downloader": 0.0}}