{"features": {"malice": 0.9133858267716536, "generic": 0.4155844155844156, "trojan": 0.4805194805194805, "ransomware": 0.0129870129870129, "worm": 0.0, "backdoor": 0.0, "spyware": 0.0, "rootkit": 0.0, "encrypter": 0.0779220779220779, "downloader": 0.0129870129870129}}