{"features": {"malice": 0.9481481481481482, "generic": 0.3636363636363636, "trojan": 0.5303030303030303, "ransomware": 0.0151515151515151, "worm": 0.0, "backdoor": 0.0, "spyware": 0.0, "rootkit": 0.0, "encrypter": 0.0909090909090909, "downloader": 0.0}}