{"features": {"malice": 0.903846153846154, "generic": 0.4150943396226415, "trojan": 0.4716981132075472, "ransomware": 0.0, "worm": 0.0, "backdoor": 0.0, "spyware": 0.0, "rootkit": 0.0, "encrypter": 0.1132075471698113, "downloader": 0.0}}