{"features": {"malice": 0.9411764705882352, "generic": 0.4556962025316455, "trojan": 0.430379746835443, "ransomware": 0.0, "worm": 0.0126582278481012, "backdoor": 0.0, "spyware": 0.0, "rootkit": 0.0, "encrypter": 0.1012658227848101, "downloader": 0.0}}