{"features": {"malice": 0.9142857142857144, "generic": 0.4107142857142857, "trojan": 0.4107142857142857, "ransomware": 0.0178571428571428, "worm": 0.0178571428571428, "backdoor": 0.0178571428571428, "spyware": 0.0, "rootkit": 0.0, "encrypter": 0.0892857142857142, "downloader": 0.0357142857142857}}