{"features": {"malice": 0.8932038834951457, "generic": 0.3773584905660377, "trojan": 0.5849056603773585, "ransomware": 0.0, "worm": 0.0, "backdoor": 0.0188679245283018, "spyware": 0.0, "rootkit": 0.0, "encrypter": 0.0, "downloader": 0.0188679245283018}}