{"features": {"malice": 0.9541284403669724, "generic": 0.4126984126984127, "trojan": 0.492063492063492, "ransomware": 0.0, "worm": 0.0158730158730158, "backdoor": 0.0158730158730158, "spyware": 0.0, "rootkit": 0.0, "encrypter": 0.0634920634920634, "downloader": 0.0}}