{"features": {"malice": 0.6548672566371682, "generic": 0.5957446808510638, "trojan": 0.3829787234042553, "ransomware": 0.0, "worm": 0.0, "backdoor": 0.0, "spyware": 0.0, "rootkit": 0.0, "encrypter": 0.0, "downloader": 0.0212765957446808}}