{"features": {"malice": 0.9253731343283582, "generic": 0.3703703703703703, "trojan": 0.3580246913580246, "ransomware": 0.0246913580246913, "worm": 0.074074074074074, "backdoor": 0.1111111111111111, "spyware": 0.0, "rootkit": 0.0, "encrypter": 0.0246913580246913, "downloader": 0.037037037037037}}