{"features": {"malice": 0.9345794392523364, "generic": 0.2280701754385964, "trojan": 0.6666666666666666, "ransomware": 0.0, "worm": 0.0, "backdoor": 0.0, "spyware": 0.0, "rootkit": 0.0, "encrypter": 0.1052631578947368, "downloader": 0.0}}