{"features": {"malice": 0.90625, "generic": 0.3928571428571428, "trojan": 0.5714285714285714, "ransomware": 0.0, "worm": 0.0, "backdoor": 0.0, "spyware": 0.0, "rootkit": 0.0, "encrypter": 0.0357142857142857, "downloader": 0.0}}