{"features": {"malice": 0.86, "generic": 0.3035714285714285, "trojan": 0.3392857142857143, "ransomware": 0.0178571428571428, "worm": 0.0178571428571428, "backdoor": 0.1428571428571428, "spyware": 0.0, "rootkit": 0.0178571428571428, "encrypter": 0.0535714285714285, "downloader": 0.1071428571428571}}