{"features": {"malice": 0.916030534351145, "generic": 0.4375, "trojan": 0.515625, "ransomware": 0.0, "worm": 0.0, "backdoor": 0.0, "spyware": 0.0, "rootkit": 0.0, "encrypter": 0.046875, "downloader": 0.0}}