{"features": {"malice": 0.9217391304347826, "generic": 0.4583333333333333, "trojan": 0.4444444444444444, "ransomware": 0.0, "worm": 0.0, "backdoor": 0.0, "spyware": 0.0, "rootkit": 0.0, "encrypter": 0.0972222222222222, "downloader": 0.0}}