{"features": {"malice": 0.9245283018867924, "generic": 0.3709677419354839, "trojan": 0.4193548387096774, "ransomware": 0.0, "worm": 0.0, "backdoor": 0.0, "spyware": 0.0, "rootkit": 0.0, "encrypter": 0.2096774193548387, "downloader": 0.0}}