{"features": {"malice": 0.9147286821705426, "generic": 0.46875, "trojan": 0.46875, "ransomware": 0.015625, "worm": 0.015625, "backdoor": 0.0, "spyware": 0.0, "rootkit": 0.0, "encrypter": 0.03125, "downloader": 0.0}}