{"features": {"malice": 0.6306306306306306, "generic": 0.7857142857142857, "trojan": 0.1785714285714285, "ransomware": 0.0, "worm": 0.0, "backdoor": 0.0, "spyware": 0.0, "rootkit": 0.0, "encrypter": 0.0, "downloader": 0.0357142857142857}}