{"features": {"malice": 0.890625, "generic": 0.5789473684210527, "trojan": 0.4210526315789473, "ransomware": 0.0, "worm": 0.0, "backdoor": 0.0, "spyware": 0.0, "rootkit": 0.0, "encrypter": 0.0, "downloader": 0.0}}