{"features": {"malice": 0.9142857142857144, "generic": 0.392156862745098, "trojan": 0.4901960784313725, "ransomware": 0.0, "worm": 0.0196078431372549, "backdoor": 0.0, "spyware": 0.0, "rootkit": 0.0, "encrypter": 0.0980392156862745, "downloader": 0.0}}