{"features": {"malice": 0.8932038834951457, "generic": 0.3559322033898305, "trojan": 0.3559322033898305, "ransomware": 0.0, "worm": 0.0, "backdoor": 0.0169491525423728, "spyware": 0.0, "rootkit": 0.0, "encrypter": 0.2372881355932203, "downloader": 0.0338983050847457}}