{"features": {"malice": 0.920863309352518, "generic": 0.569620253164557, "trojan": 0.430379746835443, "ransomware": 0.0, "worm": 0.0, "backdoor": 0.0, "spyware": 0.0, "rootkit": 0.0, "encrypter": 0.0, "downloader": 0.0}}