{"features": {"malice": 0.9423076923076924, "generic": 0.2321428571428571, "trojan": 0.6607142857142857, "ransomware": 0.0, "worm": 0.0, "backdoor": 0.0, "spyware": 0.0, "rootkit": 0.0, "encrypter": 0.1071428571428571, "downloader": 0.0}}