{"features": {"malice": 0.9242424242424242, "generic": 0.3733333333333333, "trojan": 0.3466666666666667, "ransomware": 0.0, "worm": 0.0, "backdoor": 0.0933333333333333, "spyware": 0.0, "rootkit": 0.0, "encrypter": 0.1466666666666666, "downloader": 0.04}}