{"features": {"malice": 0.9142857142857144, "generic": 0.2978723404255319, "trojan": 0.5957446808510638, "ransomware": 0.0212765957446808, "worm": 0.0212765957446808, "backdoor": 0.0, "spyware": 0.0, "rootkit": 0.0, "encrypter": 0.0638297872340425, "downloader": 0.0}}