{"features": {"malice": 0.8787878787878788, "generic": 0.40625, "trojan": 0.453125, "ransomware": 0.0, "worm": 0.0, "backdoor": 0.0, "spyware": 0.0, "rootkit": 0.125, "encrypter": 0.015625, "downloader": 0.0}}