{"features": {"malice": 0.9302325581395348, "generic": 0.4852941176470588, "trojan": 0.4705882352941176, "ransomware": 0.0, "worm": 0.0, "backdoor": 0.0, "spyware": 0.0, "rootkit": 0.0, "encrypter": 0.0441176470588235, "downloader": 0.0}}