{"features": {"malice": 0.8712871287128713, "generic": 0.3478260869565217, "trojan": 0.4782608695652174, "ransomware": 0.0, "worm": 0.0, "backdoor": 0.0, "spyware": 0.0, "rootkit": 0.0, "encrypter": 0.1739130434782608, "downloader": 0.0}}