{"features": {"malice": 0.890625, "generic": 0.5, "trojan": 0.3970588235294117, "ransomware": 0.0441176470588235, "worm": 0.0147058823529411, "backdoor": 0.0147058823529411, "spyware": 0.0, "rootkit": 0.0, "encrypter": 0.0294117647058823, "downloader": 0.0}}