{"features": {"malice": 0.8615384615384616, "generic": 0.532258064516129, "trojan": 0.3709677419354839, "ransomware": 0.0, "worm": 0.0, "backdoor": 0.0, "spyware": 0.0, "rootkit": 0.0, "encrypter": 0.0967741935483871, "downloader": 0.0}}