{"features": {"malice": 0.9147286821705426, "generic": 0.3561643835616438, "trojan": 0.4657534246575342, "ransomware": 0.0, "worm": 0.0, "backdoor": 0.0, "spyware": 0.0, "rootkit": 0.0, "encrypter": 0.1780821917808219, "downloader": 0.0}}