{"features": {"malice": 0.9090909090909092, "generic": 0.3934426229508196, "trojan": 0.4918032786885246, "ransomware": 0.0, "worm": 0.0163934426229508, "backdoor": 0.0163934426229508, "spyware": 0.0, "rootkit": 0.0, "encrypter": 0.081967213114754, "downloader": 0.0}}