{"features": {"malice": 0.8666666666666667, "generic": 0.4655172413793103, "trojan": 0.396551724137931, "ransomware": 0.0, "worm": 0.0, "backdoor": 0.0, "spyware": 0.0, "rootkit": 0.1206896551724138, "encrypter": 0.0172413793103448, "downloader": 0.0}}