{"features": {"malice": 0.9552238805970148, "generic": 0.4146341463414634, "trojan": 0.4878048780487805, "ransomware": 0.0121951219512195, "worm": 0.0, "backdoor": 0.0, "spyware": 0.0, "rootkit": 0.0, "encrypter": 0.0853658536585365, "downloader": 0.0}}