{"features": {"malice": 0.8571428571428571, "generic": 0.5151515151515151, "trojan": 0.4393939393939394, "ransomware": 0.0, "worm": 0.0, "backdoor": 0.0, "spyware": 0.0, "rootkit": 0.0454545454545454, "encrypter": 0.0, "downloader": 0.0}}