{"features": {"malice": 0.8870967741935484, "generic": 0.4285714285714285, "trojan": 0.492063492063492, "ransomware": 0.0158730158730158, "worm": 0.0, "backdoor": 0.0, "spyware": 0.0, "rootkit": 0.0, "encrypter": 0.0634920634920634, "downloader": 0.0}}