{"features": {"malice": 0.8217054263565892, "generic": 0.484375, "trojan": 0.375, "ransomware": 0.0, "worm": 0.0, "backdoor": 0.015625, "spyware": 0.0, "rootkit": 0.125, "encrypter": 0.0, "downloader": 0.0}}