{"features": {"malice": 0.8656716417910447, "generic": 0.5211267605633803, "trojan": 0.4084507042253521, "ransomware": 0.0, "worm": 0.0, "backdoor": 0.0, "spyware": 0.0, "rootkit": 0.0704225352112676, "encrypter": 0.0, "downloader": 0.0}}