{"features": {"malice": 0.8823529411764706, "generic": 0.4339622641509434, "trojan": 0.320754716981132, "ransomware": 0.0, "worm": 0.0, "backdoor": 0.1132075471698113, "spyware": 0.0, "rootkit": 0.0377358490566037, "encrypter": 0.0754716981132075, "downloader": 0.0188679245283018}}