{"features": {"malice": 0.8125, "generic": 0.4590163934426229, "trojan": 0.5409836065573771, "ransomware": 0.0, "worm": 0.0, "backdoor": 0.0, "spyware": 0.0, "rootkit": 0.0, "encrypter": 0.0, "downloader": 0.0}}