{"features": {"malice": 0.9444444444444444, "generic": 0.4067796610169492, "trojan": 0.5084745762711864, "ransomware": 0.0169491525423728, "worm": 0.0169491525423728, "backdoor": 0.0, "spyware": 0.0, "rootkit": 0.0, "encrypter": 0.0338983050847457, "downloader": 0.0169491525423728}}