{"features": {"malice": 0.8992248062015504, "generic": 0.4084507042253521, "trojan": 0.3943661971830985, "ransomware": 0.1126760563380281, "worm": 0.0, "backdoor": 0.0, "spyware": 0.0, "rootkit": 0.0, "encrypter": 0.0845070422535211, "downloader": 0.0}}