{"features": {"malice": 0.9245283018867924, "generic": 0.4426229508196721, "trojan": 0.4262295081967213, "ransomware": 0.0, "worm": 0.0163934426229508, "backdoor": 0.0, "spyware": 0.0, "rootkit": 0.0, "encrypter": 0.081967213114754, "downloader": 0.0327868852459016}}