{"features": {"malice": 0.9147286821705426, "generic": 0.4423076923076923, "trojan": 0.4615384615384615, "ransomware": 0.0, "worm": 0.0, "backdoor": 0.0192307692307692, "spyware": 0.0, "rootkit": 0.0, "encrypter": 0.0769230769230769, "downloader": 0.0}}