{"features": {"malice": 0.8712871287128713, "generic": 0.2622950819672131, "trojan": 0.4754098360655737, "ransomware": 0.0, "worm": 0.0, "backdoor": 0.180327868852459, "spyware": 0.0, "rootkit": 0.0, "encrypter": 0.081967213114754, "downloader": 0.0}}