{"features": {"malice": 0.903846153846154, "generic": 0.4545454545454545, "trojan": 0.4727272727272727, "ransomware": 0.0, "worm": 0.0363636363636363, "backdoor": 0.0, "spyware": 0.0, "rootkit": 0.0, "encrypter": 0.0363636363636363, "downloader": 0.0}}