{"features": {"malice": 0.7333333333333333, "generic": 0.4615384615384615, "trojan": 0.3538461538461538, "ransomware": 0.0, "worm": 0.0153846153846153, "backdoor": 0.0, "spyware": 0.0, "rootkit": 0.0, "encrypter": 0.0, "downloader": 0.1692307692307692}}