{"features": {"malice": 0.9345794392523364, "generic": 0.3787878787878788, "trojan": 0.4545454545454545, "ransomware": 0.0, "worm": 0.0303030303030303, "backdoor": 0.0, "spyware": 0.0, "rootkit": 0.0, "encrypter": 0.1363636363636363, "downloader": 0.0}}