{"features": {"malice": 0.9108910891089108, "generic": 0.3469387755102041, "trojan": 0.5510204081632653, "ransomware": 0.0, "worm": 0.0, "backdoor": 0.0, "spyware": 0.0, "rootkit": 0.0, "encrypter": 0.1020408163265306, "downloader": 0.0}}