{"features": {"malice": 0.9142857142857144, "generic": 0.3333333333333333, "trojan": 0.4561403508771929, "ransomware": 0.0, "worm": 0.0, "backdoor": 0.0526315789473684, "spyware": 0.0, "rootkit": 0.0, "encrypter": 0.1228070175438596, "downloader": 0.0350877192982456}}