{"features": {"malice": 0.9172932330827068, "generic": 0.4571428571428571, "trojan": 0.3142857142857143, "ransomware": 0.0, "worm": 0.0, "backdoor": 0.0142857142857142, "spyware": 0.0, "rootkit": 0.0, "encrypter": 0.2142857142857142, "downloader": 0.0}}