{"features": {"malice": 0.8932038834951457, "generic": 0.3859649122807017, "trojan": 0.3157894736842105, "ransomware": 0.0175438596491228, "worm": 0.0, "backdoor": 0.1052631578947368, "spyware": 0.0, "rootkit": 0.0526315789473684, "encrypter": 0.1052631578947368, "downloader": 0.0175438596491228}}