{"features": {"malice": 0.912621359223301, "generic": 0.3061224489795918, "trojan": 0.5714285714285714, "ransomware": 0.0, "worm": 0.0204081632653061, "backdoor": 0.0, "spyware": 0.0, "rootkit": 0.0, "encrypter": 0.1020408163265306, "downloader": 0.0}}