{"features": {"malice": 0.9444444444444444, "generic": 0.2586206896551724, "trojan": 0.6551724137931034, "ransomware": 0.0, "worm": 0.0, "backdoor": 0.0, "spyware": 0.0, "rootkit": 0.0, "encrypter": 0.0862068965517241, "downloader": 0.0}}