{"features": {"malice": 0.9019607843137256, "generic": 0.3508771929824561, "trojan": 0.3859649122807017, "ransomware": 0.0175438596491228, "worm": 0.0, "backdoor": 0.0350877192982456, "spyware": 0.0, "rootkit": 0.0175438596491228, "encrypter": 0.1578947368421052, "downloader": 0.0350877192982456}}