{"features": {"malice": 0.8932038834951457, "generic": 0.4181818181818181, "trojan": 0.4, "ransomware": 0.0, "worm": 0.0, "backdoor": 0.0181818181818181, "spyware": 0.0181818181818181, "rootkit": 0.0, "encrypter": 0.1454545454545454, "downloader": 0.0}}