{"features": {"malice": 0.9345794392523364, "generic": 0.3454545454545454, "trojan": 0.509090909090909, "ransomware": 0.0, "worm": 0.0181818181818181, "backdoor": 0.0, "spyware": 0.0, "rootkit": 0.0, "encrypter": 0.1272727272727272, "downloader": 0.0}}