{"features": {"malice": 0.6548672566371682, "generic": 0.4666666666666667, "trojan": 0.3833333333333333, "ransomware": 0.0, "worm": 0.0, "backdoor": 0.0, "spyware": 0.0, "rootkit": 0.0, "encrypter": 0.0, "downloader": 0.15}}