{"features": {"malice": 0.9541284403669724, "generic": 0.3898305084745763, "trojan": 0.5084745762711864, "ransomware": 0.0, "worm": 0.0169491525423728, "backdoor": 0.0, "spyware": 0.0, "rootkit": 0.0, "encrypter": 0.0847457627118644, "downloader": 0.0}}