{"features": {"malice": 0.9345794392523364, "generic": 0.3333333333333333, "trojan": 0.6041666666666666, "ransomware": 0.0, "worm": 0.0208333333333333, "backdoor": 0.0, "spyware": 0.0, "rootkit": 0.0, "encrypter": 0.0416666666666666, "downloader": 0.0}}