{"features": {"malice": 0.9345794392523364, "generic": 0.4242424242424242, "trojan": 0.4696969696969697, "ransomware": 0.0, "worm": 0.0151515151515151, "backdoor": 0.0, "spyware": 0.0, "rootkit": 0.0, "encrypter": 0.0757575757575757, "downloader": 0.0151515151515151}}