{"features": {"malice": 0.9298245614035088, "generic": 0.4166666666666667, "trojan": 0.4666666666666667, "ransomware": 0.0, "worm": 0.0, "backdoor": 0.0, "spyware": 0.0, "rootkit": 0.0, "encrypter": 0.1166666666666666, "downloader": 0.0}}