{"features": {"malice": 0.2352941176470588, "generic": 0.4285714285714285, "trojan": 0.3571428571428571, "ransomware": 0.0, "worm": 0.0, "backdoor": 0.0, "spyware": 0.0, "rootkit": 0.0, "encrypter": 0.0714285714285714, "downloader": 0.1428571428571428}}