{"features": {"malice": 0.9019607843137256, "generic": 0.3137254901960784, "trojan": 0.5294117647058824, "ransomware": 0.0, "worm": 0.0196078431372549, "backdoor": 0.0, "spyware": 0.0, "rootkit": 0.0, "encrypter": 0.0980392156862745, "downloader": 0.0392156862745098}}