{"features": {"malice": 0.7413793103448276, "generic": 0.4137931034482758, "trojan": 0.293103448275862, "ransomware": 0.0, "worm": 0.0172413793103448, "backdoor": 0.0, "spyware": 0.0, "rootkit": 0.0, "encrypter": 0.0, "downloader": 0.2758620689655172}}