{"features": {"malice": 0.9245283018867924, "generic": 0.3333333333333333, "trojan": 0.5925925925925926, "ransomware": 0.0, "worm": 0.037037037037037, "backdoor": 0.0, "spyware": 0.0, "rootkit": 0.0, "encrypter": 0.037037037037037, "downloader": 0.0}}