{"features": {"malice": 0.9076923076923076, "generic": 0.4736842105263157, "trojan": 0.4605263157894737, "ransomware": 0.0, "worm": 0.0, "backdoor": 0.0, "spyware": 0.0, "rootkit": 0.0, "encrypter": 0.0657894736842105, "downloader": 0.0}}