{"features": {"malice": 0.8484848484848485, "generic": 0.3636363636363636, "trojan": 0.4181818181818181, "ransomware": 0.0, "worm": 0.0181818181818181, "backdoor": 0.0727272727272727, "spyware": 0.0, "rootkit": 0.0181818181818181, "encrypter": 0.109090909090909, "downloader": 0.0}}