{"features": {"malice": 0.9019607843137256, "generic": 0.3793103448275862, "trojan": 0.4137931034482758, "ransomware": 0.0, "worm": 0.0, "backdoor": 0.0, "spyware": 0.0, "rootkit": 0.0, "encrypter": 0.2068965517241379, "downloader": 0.0}}