{"features": {"malice": 0.9142857142857144, "generic": 0.3260869565217391, "trojan": 0.5869565217391305, "ransomware": 0.0, "worm": 0.0217391304347826, "backdoor": 0.0, "spyware": 0.0, "rootkit": 0.0, "encrypter": 0.0652173913043478, "downloader": 0.0}}