{"features": {"malice": 0.9622641509433962, "generic": 0.3714285714285714, "trojan": 0.5428571428571428, "ransomware": 0.0, "worm": 0.0, "backdoor": 0.0, "spyware": 0.0, "rootkit": 0.0, "encrypter": 0.0714285714285714, "downloader": 0.0142857142857142}}