{"features": {"malice": 0.8740740740740741, "generic": 0.5142857142857142, "trojan": 0.4857142857142857, "ransomware": 0.0, "worm": 0.0, "backdoor": 0.0, "spyware": 0.0, "rootkit": 0.0, "encrypter": 0.0, "downloader": 0.0}}