{"features": {"malice": 0.8823529411764706, "generic": 0.3214285714285714, "trojan": 0.4464285714285714, "ransomware": 0.0178571428571428, "worm": 0.0, "backdoor": 0.0535714285714285, "spyware": 0.0, "rootkit": 0.0, "encrypter": 0.1428571428571428, "downloader": 0.0178571428571428}}