{"features": {"malice": 0.6956521739130435, "generic": 0.4915254237288136, "trojan": 0.4067796610169492, "ransomware": 0.0, "worm": 0.0, "backdoor": 0.0, "spyware": 0.0, "rootkit": 0.0, "encrypter": 0.0, "downloader": 0.1016949152542373}}