{"features": {"malice": 0.8712871287128713, "generic": 0.3529411764705882, "trojan": 0.4509803921568627, "ransomware": 0.0, "worm": 0.0392156862745098, "backdoor": 0.0, "spyware": 0.0, "rootkit": 0.0, "encrypter": 0.1568627450980392, "downloader": 0.0}}