{"features": {"malice": 0.9302325581395348, "generic": 0.463768115942029, "trojan": 0.3333333333333333, "ransomware": 0.0, "worm": 0.0, "backdoor": 0.0, "spyware": 0.0, "rootkit": 0.0, "encrypter": 0.2028985507246377, "downloader": 0.0}}