{"features": {"malice": 0.7563025210084033, "generic": 0.5, "trojan": 0.3428571428571428, "ransomware": 0.0, "worm": 0.0142857142857142, "backdoor": 0.0, "spyware": 0.0, "rootkit": 0.0, "encrypter": 0.0, "downloader": 0.1428571428571428}}