{"features": {"malice": 0.8910891089108911, "generic": 0.3725490196078431, "trojan": 0.4313725490196078, "ransomware": 0.0196078431372549, "worm": 0.0196078431372549, "backdoor": 0.0196078431372549, "spyware": 0.0, "rootkit": 0.0, "encrypter": 0.0980392156862745, "downloader": 0.0392156862745098}}