{"features": {"malice": 0.9245283018867924, "generic": 0.3571428571428571, "trojan": 0.4, "ransomware": 0.0, "worm": 0.0, "backdoor": 0.0857142857142857, "spyware": 0.0, "rootkit": 0.0, "encrypter": 0.0714285714285714, "downloader": 0.0857142857142857}}