{"features": {"malice": 0.9142857142857144, "generic": 0.3035714285714285, "trojan": 0.5, "ransomware": 0.0, "worm": 0.0, "backdoor": 0.0178571428571428, "spyware": 0.0178571428571428, "rootkit": 0.0, "encrypter": 0.1607142857142857, "downloader": 0.0}}