{"features": {"malice": 0.8712871287128713, "generic": 0.2978723404255319, "trojan": 0.4042553191489361, "ransomware": 0.0212765957446808, "worm": 0.0, "backdoor": 0.1063829787234042, "spyware": 0.0, "rootkit": 0.0212765957446808, "encrypter": 0.1489361702127659, "downloader": 0.0}}