{"features": {"malice": 0.9230769230769232, "generic": 0.4210526315789473, "trojan": 0.4912280701754385, "ransomware": 0.0, "worm": 0.0526315789473684, "backdoor": 0.0, "spyware": 0.0, "rootkit": 0.0, "encrypter": 0.0175438596491228, "downloader": 0.0175438596491228}}