{"features": {"malice": 0.9019607843137256, "generic": 0.3673469387755102, "trojan": 0.5102040816326531, "ransomware": 0.0, "worm": 0.0204081632653061, "backdoor": 0.0, "spyware": 0.0, "rootkit": 0.0, "encrypter": 0.1020408163265306, "downloader": 0.0}}