{"features": {"malice": 0.9230769230769232, "generic": 0.4375, "trojan": 0.390625, "ransomware": 0.0, "worm": 0.0, "backdoor": 0.046875, "spyware": 0.0, "rootkit": 0.0, "encrypter": 0.125, "downloader": 0.0}}