{"features": {"malice": 0.9541284403669724, "generic": 0.380281690140845, "trojan": 0.5211267605633803, "ransomware": 0.0, "worm": 0.0140845070422535, "backdoor": 0.0, "spyware": 0.0, "rootkit": 0.0, "encrypter": 0.0704225352112676, "downloader": 0.0140845070422535}}