{"features": {"malice": 0.9117647058823528, "generic": 0.4583333333333333, "trojan": 0.3611111111111111, "ransomware": 0.0, "worm": 0.0138888888888888, "backdoor": 0.0, "spyware": 0.0, "rootkit": 0.0, "encrypter": 0.0972222222222222, "downloader": 0.0694444444444444}}