{"features": {"malice": 0.7521367521367521, "generic": 0.4848484848484848, "trojan": 0.3636363636363636, "ransomware": 0.0, "worm": 0.0151515151515151, "backdoor": 0.0, "spyware": 0.0, "rootkit": 0.0, "encrypter": 0.0, "downloader": 0.1363636363636363}}