{"features": {"malice": 0.8709677419354839, "generic": 0.4193548387096774, "trojan": 0.4032258064516129, "ransomware": 0.0, "worm": 0.0161290322580645, "backdoor": 0.064516129032258, "spyware": 0.0, "rootkit": 0.0, "encrypter": 0.064516129032258, "downloader": 0.032258064516129}}