{"features": {"malice": 0.8833333333333333, "generic": 0.3823529411764705, "trojan": 0.3088235294117647, "ransomware": 0.0, "worm": 0.0, "backdoor": 0.088235294117647, "spyware": 0.0, "rootkit": 0.0147058823529411, "encrypter": 0.1029411764705882, "downloader": 0.1029411764705882}}