{"features": {"malice": 0.9541284403669724, "generic": 0.3809523809523809, "trojan": 0.5873015873015873, "ransomware": 0.0, "worm": 0.0, "backdoor": 0.0, "spyware": 0.0, "rootkit": 0.0, "encrypter": 0.0317460317460317, "downloader": 0.0}}