{"features": {"malice": 0.88, "generic": 0.4680851063829787, "trojan": 0.4680851063829787, "ransomware": 0.0, "worm": 0.0425531914893617, "backdoor": 0.0, "spyware": 0.0, "rootkit": 0.0, "encrypter": 0.0212765957446808, "downloader": 0.0}}