{"features": {"malice": 0.8787878787878788, "generic": 0.4477611940298507, "trojan": 0.5522388059701493, "ransomware": 0.0, "worm": 0.0, "backdoor": 0.0, "spyware": 0.0, "rootkit": 0.0, "encrypter": 0.0, "downloader": 0.0}}