{"features": {"malice": 0.86, "generic": 0.4259259259259259, "trojan": 0.4074074074074074, "ransomware": 0.0, "worm": 0.0, "backdoor": 0.0, "spyware": 0.0, "rootkit": 0.0, "encrypter": 0.1666666666666666, "downloader": 0.0}}