{"features": {"malice": 0.8932038834951457, "generic": 0.3469387755102041, "trojan": 0.4693877551020408, "ransomware": 0.0, "worm": 0.0, "backdoor": 0.0408163265306122, "spyware": 0.0, "rootkit": 0.0, "encrypter": 0.1428571428571428, "downloader": 0.0}}