{"features": {"malice": 0.9147286821705426, "generic": 0.2048192771084337, "trojan": 0.5060240963855421, "ransomware": 0.036144578313253, "worm": 0.0120481927710843, "backdoor": 0.0, "spyware": 0.0, "rootkit": 0.0, "encrypter": 0.180722891566265, "downloader": 0.0602409638554216}}