{"features": {"malice": 0.8888888888888888, "generic": 0.3880597014925373, "trojan": 0.3134328358208955, "ransomware": 0.0, "worm": 0.0, "backdoor": 0.0149253731343283, "spyware": 0.0, "rootkit": 0.0, "encrypter": 0.2686567164179104, "downloader": 0.0149253731343283}}