{"features": {"malice": 0.8976377952755905, "generic": 0.4520547945205479, "trojan": 0.4931506849315068, "ransomware": 0.0, "worm": 0.0, "backdoor": 0.0136986301369863, "spyware": 0.0, "rootkit": 0.0, "encrypter": 0.0410958904109589, "downloader": 0.0}}