{"features": {"malice": 0.9411764705882352, "generic": 0.4444444444444444, "trojan": 0.4691358024691358, "ransomware": 0.0, "worm": 0.0123456790123456, "backdoor": 0.0, "spyware": 0.0, "rootkit": 0.0, "encrypter": 0.074074074074074, "downloader": 0.0}}