{"features": {"malice": 0.8976377952755905, "generic": 0.3333333333333333, "trojan": 0.5454545454545454, "ransomware": 0.0151515151515151, "worm": 0.0, "backdoor": 0.0151515151515151, "spyware": 0.0, "rootkit": 0.0, "encrypter": 0.0757575757575757, "downloader": 0.0151515151515151}}