{"features": {"malice": 0.9147286821705426, "generic": 0.4647887323943662, "trojan": 0.4366197183098591, "ransomware": 0.0140845070422535, "worm": 0.0, "backdoor": 0.0, "spyware": 0.0, "rootkit": 0.0, "encrypter": 0.0704225352112676, "downloader": 0.0140845070422535}}