{"features": {"malice": 0.903846153846154, "generic": 0.4081632653061224, "trojan": 0.5102040816326531, "ransomware": 0.0, "worm": 0.0408163265306122, "backdoor": 0.0, "spyware": 0.0, "rootkit": 0.0, "encrypter": 0.0408163265306122, "downloader": 0.0}}