{"features": {"malice": 0.8805970149253731, "generic": 0.4558823529411764, "trojan": 0.3970588235294117, "ransomware": 0.0, "worm": 0.0, "backdoor": 0.0, "spyware": 0.0, "rootkit": 0.1323529411764706, "encrypter": 0.0147058823529411, "downloader": 0.0}}