{"features": {"malice": 0.9142857142857144, "generic": 0.2888888888888888, "trojan": 0.6222222222222222, "ransomware": 0.0, "worm": 0.0222222222222222, "backdoor": 0.0, "spyware": 0.0, "rootkit": 0.0, "encrypter": 0.0666666666666666, "downloader": 0.0}}