{"features": {"malice": 0.7333333333333333, "generic": 0.4927536231884058, "trojan": 0.3043478260869565, "ransomware": 0.0, "worm": 0.0144927536231884, "backdoor": 0.0, "spyware": 0.0, "rootkit": 0.0, "encrypter": 0.0, "downloader": 0.1884057971014492}}