{"features": {"malice": 0.9423076923076924, "generic": 0.3508771929824561, "trojan": 0.4385964912280701, "ransomware": 0.0175438596491228, "worm": 0.0, "backdoor": 0.0, "spyware": 0.0, "rootkit": 0.0, "encrypter": 0.1929824561403508, "downloader": 0.0}}