{"features": {"malice": 0.9019607843137256, "generic": 0.3404255319148936, "trojan": 0.5531914893617021, "ransomware": 0.0, "worm": 0.0212765957446808, "backdoor": 0.0, "spyware": 0.0, "rootkit": 0.0, "encrypter": 0.0851063829787234, "downloader": 0.0}}