{"features": {"malice": 0.9622641509433962, "generic": 0.3125, "trojan": 0.59375, "ransomware": 0.0, "worm": 0.0, "backdoor": 0.0, "spyware": 0.0, "rootkit": 0.0, "encrypter": 0.09375, "downloader": 0.0}}