{"features": {"malice": 0.9147286821705426, "generic": 0.423728813559322, "trojan": 0.4745762711864407, "ransomware": 0.0, "worm": 0.0, "backdoor": 0.0, "spyware": 0.0, "rootkit": 0.0, "encrypter": 0.1016949152542373, "downloader": 0.0}}