{"features": {"malice": 0.9636363636363636, "generic": 0.3859649122807017, "trojan": 0.5263157894736842, "ransomware": 0.0, "worm": 0.0175438596491228, "backdoor": 0.0, "spyware": 0.0, "rootkit": 0.0, "encrypter": 0.0701754385964912, "downloader": 0.0}}