{"features": {"malice": 0.743801652892562, "generic": 0.3943661971830985, "trojan": 0.3380281690140845, "ransomware": 0.0, "worm": 0.0, "backdoor": 0.0, "spyware": 0.0, "rootkit": 0.0, "encrypter": 0.0, "downloader": 0.2676056338028169}}