{"features": {"malice": 0.903846153846154, "generic": 0.3454545454545454, "trojan": 0.4181818181818181, "ransomware": 0.0, "worm": 0.0, "backdoor": 0.0181818181818181, "spyware": 0.0, "rootkit": 0.0, "encrypter": 0.1818181818181818, "downloader": 0.0363636363636363}}