{"features": {"malice": 0.903846153846154, "generic": 0.3111111111111111, "trojan": 0.5777777777777777, "ransomware": 0.0, "worm": 0.0222222222222222, "backdoor": 0.0, "spyware": 0.0, "rootkit": 0.0, "encrypter": 0.0888888888888888, "downloader": 0.0}}