{"features": {"malice": 0.8823529411764706, "generic": 0.3125, "trojan": 0.4791666666666667, "ransomware": 0.0, "worm": 0.0, "backdoor": 0.0, "spyware": 0.0, "rootkit": 0.0, "encrypter": 0.2083333333333333, "downloader": 0.0}}