{"features": {"malice": 0.9172932330827068, "generic": 0.5217391304347826, "trojan": 0.4057971014492754, "ransomware": 0.0, "worm": 0.0144927536231884, "backdoor": 0.0, "spyware": 0.0, "rootkit": 0.0, "encrypter": 0.0579710144927536, "downloader": 0.0}}