{"features": {"malice": 0.8854961832061069, "generic": 0.4852941176470588, "trojan": 0.3823529411764705, "ransomware": 0.0, "worm": 0.0, "backdoor": 0.0, "spyware": 0.0, "rootkit": 0.1176470588235294, "encrypter": 0.0147058823529411, "downloader": 0.0}}