{"features": {"malice": 0.8709677419354839, "generic": 0.4769230769230769, "trojan": 0.5230769230769231, "ransomware": 0.0, "worm": 0.0, "backdoor": 0.0, "spyware": 0.0, "rootkit": 0.0, "encrypter": 0.0, "downloader": 0.0}}