{"features": {"malice": 0.9345794392523364, "generic": 0.4242424242424242, "trojan": 0.3939393939393939, "ransomware": 0.0, "worm": 0.0303030303030303, "backdoor": 0.0, "spyware": 0.0, "rootkit": 0.0, "encrypter": 0.1212121212121212, "downloader": 0.0303030303030303}}