{"features": {"malice": 0.912621359223301, "generic": 0.3888888888888889, "trojan": 0.5370370370370371, "ransomware": 0.0, "worm": 0.0185185185185185, "backdoor": 0.0, "spyware": 0.0, "rootkit": 0.0, "encrypter": 0.0555555555555555, "downloader": 0.0}}