{"features": {"malice": 0.9444444444444444, "generic": 0.396551724137931, "trojan": 0.5172413793103449, "ransomware": 0.0, "worm": 0.0172413793103448, "backdoor": 0.0, "spyware": 0.0, "rootkit": 0.0, "encrypter": 0.0689655172413793, "downloader": 0.0}}