{"features": {"malice": 0.9245283018867924, "generic": 0.3818181818181818, "trojan": 0.509090909090909, "ransomware": 0.0, "worm": 0.0181818181818181, "backdoor": 0.0, "spyware": 0.0, "rootkit": 0.0, "encrypter": 0.0909090909090909, "downloader": 0.0}}