{"features": {"malice": 0.8376068376068376, "generic": 0.4181818181818181, "trojan": 0.4545454545454545, "ransomware": 0.0, "worm": 0.0, "backdoor": 0.0545454545454545, "spyware": 0.0, "rootkit": 0.0, "encrypter": 0.0727272727272727, "downloader": 0.0}}