{"features": {"malice": 0.9320388349514565, "generic": 0.4363636363636363, "trojan": 0.5272727272727272, "ransomware": 0.0, "worm": 0.0, "backdoor": 0.0, "spyware": 0.0, "rootkit": 0.0, "encrypter": 0.0363636363636363, "downloader": 0.0}}