{"features": {"malice": 0.9142857142857144, "generic": 0.4, "trojan": 0.4727272727272727, "ransomware": 0.0181818181818181, "worm": 0.0363636363636363, "backdoor": 0.0, "spyware": 0.0, "rootkit": 0.0, "encrypter": 0.0727272727272727, "downloader": 0.0}}