{"features": {"malice": 0.9391304347826088, "generic": 0.5, "trojan": 0.4677419354838709, "ransomware": 0.0, "worm": 0.0, "backdoor": 0.0, "spyware": 0.0, "rootkit": 0.0, "encrypter": 0.032258064516129, "downloader": 0.0}}