{"features": {"malice": 0.9245283018867924, "generic": 0.3939393939393939, "trojan": 0.3333333333333333, "ransomware": 0.0, "worm": 0.0, "backdoor": 0.0909090909090909, "spyware": 0.0, "rootkit": 0.0151515151515151, "encrypter": 0.0909090909090909, "downloader": 0.0757575757575757}}