{"features": {"malice": 0.9245283018867924, "generic": 0.4426229508196721, "trojan": 0.4426229508196721, "ransomware": 0.0, "worm": 0.0163934426229508, "backdoor": 0.0, "spyware": 0.0, "rootkit": 0.0, "encrypter": 0.0983606557377049, "downloader": 0.0}}