{"features": {"malice": 0.9523809523809524, "generic": 0.2363636363636363, "trojan": 0.6545454545454545, "ransomware": 0.0, "worm": 0.0, "backdoor": 0.0, "spyware": 0.0, "rootkit": 0.0, "encrypter": 0.109090909090909, "downloader": 0.0}}