{"features": {"malice": 0.9172932330827068, "generic": 0.4418604651162791, "trojan": 0.3720930232558139, "ransomware": 0.0930232558139534, "worm": 0.0, "backdoor": 0.0, "spyware": 0.0, "rootkit": 0.0, "encrypter": 0.0930232558139534, "downloader": 0.0}}