{"features": {"malice": 0.8970588235294118, "generic": 0.5138888888888888, "trojan": 0.4861111111111111, "ransomware": 0.0, "worm": 0.0, "backdoor": 0.0, "spyware": 0.0, "rootkit": 0.0, "encrypter": 0.0, "downloader": 0.0}}