{"features": {"malice": 0.9532710280373832, "generic": 0.3214285714285714, "trojan": 0.5535714285714286, "ransomware": 0.0178571428571428, "worm": 0.0178571428571428, "backdoor": 0.0, "spyware": 0.0, "rootkit": 0.0, "encrypter": 0.0892857142857142, "downloader": 0.0}}