{"features": {"malice": 0.950354609929078, "generic": 0.4390243902439024, "trojan": 0.4512195121951219, "ransomware": 0.0, "worm": 0.0, "backdoor": 0.0121951219512195, "spyware": 0.0, "rootkit": 0.0, "encrypter": 0.0853658536585365, "downloader": 0.0121951219512195}}