{"features": {"malice": 0.7413793103448276, "generic": 0.4310344827586206, "trojan": 0.3103448275862069, "ransomware": 0.0, "worm": 0.0, "backdoor": 0.0, "spyware": 0.0, "rootkit": 0.0, "encrypter": 0.0, "downloader": 0.2586206896551724}}