{"features": {"malice": 0.8932038834951457, "generic": 0.396551724137931, "trojan": 0.396551724137931, "ransomware": 0.0, "worm": 0.0, "backdoor": 0.0, "spyware": 0.0, "rootkit": 0.0, "encrypter": 0.2068965517241379, "downloader": 0.0}}