{"features": {"malice": 0.8760330578512396, "generic": 0.5833333333333334, "trojan": 0.4, "ransomware": 0.0, "worm": 0.0, "backdoor": 0.0, "spyware": 0.0, "rootkit": 0.0, "encrypter": 0.0166666666666666, "downloader": 0.0}}