{"features": {"malice": 0.7563025210084033, "generic": 0.4848484848484848, "trojan": 0.3484848484848485, "ransomware": 0.0, "worm": 0.0151515151515151, "backdoor": 0.0, "spyware": 0.0, "rootkit": 0.0, "encrypter": 0.0, "downloader": 0.1515151515151515}}