{"features": {"malice": 0.8823529411764706, "generic": 0.3260869565217391, "trojan": 0.5652173913043478, "ransomware": 0.0, "worm": 0.0, "backdoor": 0.0, "spyware": 0.0, "rootkit": 0.0, "encrypter": 0.108695652173913, "downloader": 0.0}}