{"features": {"malice": 0.903846153846154, "generic": 0.3728813559322034, "trojan": 0.4576271186440678, "ransomware": 0.0, "worm": 0.0, "backdoor": 0.0169491525423728, "spyware": 0.0, "rootkit": 0.0, "encrypter": 0.1525423728813559, "downloader": 0.0}}