{"features": {"malice": 0.7457627118644068, "generic": 0.4776119402985074, "trojan": 0.3582089552238806, "ransomware": 0.0, "worm": 0.0149253731343283, "backdoor": 0.0, "spyware": 0.0, "rootkit": 0.0, "encrypter": 0.0, "downloader": 0.1492537313432835}}