{"features": {"malice": 0.90625, "generic": 0.4626865671641791, "trojan": 0.4626865671641791, "ransomware": 0.0149253731343283, "worm": 0.0, "backdoor": 0.0, "spyware": 0.0, "rootkit": 0.0, "encrypter": 0.044776119402985, "downloader": 0.0149253731343283}}