{"features": {"malice": 0.8688524590163934, "generic": 0.4210526315789473, "trojan": 0.543859649122807, "ransomware": 0.0, "worm": 0.0, "backdoor": 0.0175438596491228, "spyware": 0.0, "rootkit": 0.0, "encrypter": 0.0, "downloader": 0.0175438596491228}}