{"features": {"malice": 0.8686868686868687, "generic": 0.4166666666666667, "trojan": 0.4791666666666667, "ransomware": 0.0, "worm": 0.0416666666666666, "backdoor": 0.0, "spyware": 0.0, "rootkit": 0.0, "encrypter": 0.0625, "downloader": 0.0}}