{"features": {"malice": 0.8686868686868687, "generic": 0.3846153846153846, "trojan": 0.4230769230769231, "ransomware": 0.0, "worm": 0.0, "backdoor": 0.0, "spyware": 0.0, "rootkit": 0.0, "encrypter": 0.1923076923076923, "downloader": 0.0}}