{"features": {"malice": 0.9230769230769232, "generic": 0.4262295081967213, "trojan": 0.5245901639344263, "ransomware": 0.0, "worm": 0.0, "backdoor": 0.0, "spyware": 0.0, "rootkit": 0.0, "encrypter": 0.0491803278688524, "downloader": 0.0}}