{"features": {"malice": 0.9230769230769232, "generic": 0.3508771929824561, "trojan": 0.5263157894736842, "ransomware": 0.0, "worm": 0.0350877192982456, "backdoor": 0.0, "spyware": 0.0, "rootkit": 0.0, "encrypter": 0.087719298245614, "downloader": 0.0}}