{"features": {"malice": 0.8721804511278195, "generic": 0.4776119402985074, "trojan": 0.3880597014925373, "ransomware": 0.0, "worm": 0.0, "backdoor": 0.0, "spyware": 0.0, "rootkit": 0.1343283582089552, "encrypter": 0.0, "downloader": 0.0}}