{"features": {"malice": 0.7457627118644068, "generic": 0.5151515151515151, "trojan": 0.3484848484848485, "ransomware": 0.0, "worm": 0.0151515151515151, "backdoor": 0.0, "spyware": 0.0, "rootkit": 0.0, "encrypter": 0.0, "downloader": 0.1212121212121212}}