{"features": {"malice": 0.9230769230769232, "generic": 0.3472222222222222, "trojan": 0.4722222222222222, "ransomware": 0.0, "worm": 0.0, "backdoor": 0.0, "spyware": 0.0, "rootkit": 0.0, "encrypter": 0.1805555555555555, "downloader": 0.0}}