{"features": {"malice": 0.75, "generic": 0.492063492063492, "trojan": 0.3492063492063492, "ransomware": 0.0, "worm": 0.0158730158730158, "backdoor": 0.0, "spyware": 0.0, "rootkit": 0.0, "encrypter": 0.0, "downloader": 0.1428571428571428}}