{"features": {"malice": 0.8712871287128713, "generic": 0.3265306122448979, "trojan": 0.4489795918367347, "ransomware": 0.0, "worm": 0.0, "backdoor": 0.0, "spyware": 0.0, "rootkit": 0.0, "encrypter": 0.2244897959183673, "downloader": 0.0}}