{"features": {"malice": 0.865979381443299, "generic": 0.3720930232558139, "trojan": 0.2325581395348837, "ransomware": 0.0, "worm": 0.0, "backdoor": 0.2325581395348837, "spyware": 0.0, "rootkit": 0.0232558139534883, "encrypter": 0.0930232558139534, "downloader": 0.0465116279069767}}