{"features": {"malice": 0.8686868686868687, "generic": 0.3773584905660377, "trojan": 0.3584905660377358, "ransomware": 0.0188679245283018, "worm": 0.0, "backdoor": 0.0566037735849056, "spyware": 0.0, "rootkit": 0.0188679245283018, "encrypter": 0.1509433962264151, "downloader": 0.0188679245283018}}