{"features": {"malice": 0.896, "generic": 0.3584905660377358, "trojan": 0.5660377358490566, "ransomware": 0.0, "worm": 0.0, "backdoor": 0.0, "spyware": 0.0, "rootkit": 0.0, "encrypter": 0.0754716981132075, "downloader": 0.0}}