{"features": {"malice": 0.6956521739130435, "generic": 0.4918032786885246, "trojan": 0.3934426229508196, "ransomware": 0.0, "worm": 0.0, "backdoor": 0.0, "spyware": 0.0, "rootkit": 0.0, "encrypter": 0.0, "downloader": 0.1147540983606557}}