{"features": {"malice": 0.8721804511278195, "generic": 0.5147058823529411, "trojan": 0.4852941176470588, "ransomware": 0.0, "worm": 0.0, "backdoor": 0.0, "spyware": 0.0, "rootkit": 0.0, "encrypter": 0.0, "downloader": 0.0}}