{"features": {"malice": 0.5849056603773585, "generic": 0.5625, "trojan": 0.34375, "ransomware": 0.0, "worm": 0.0, "backdoor": 0.0, "spyware": 0.0, "rootkit": 0.0, "encrypter": 0.03125, "downloader": 0.0625}}