{"features": {"malice": 0.9051094890510948, "generic": 0.5342465753424658, "trojan": 0.4657534246575342, "ransomware": 0.0, "worm": 0.0, "backdoor": 0.0, "spyware": 0.0, "rootkit": 0.0, "encrypter": 0.0, "downloader": 0.0}}