{"features": {"malice": 0.7304347826086957, "generic": 0.4074074074074074, "trojan": 0.2962962962962963, "ransomware": 0.0, "worm": 0.0185185185185185, "backdoor": 0.0, "spyware": 0.0, "rootkit": 0.0, "encrypter": 0.0, "downloader": 0.2777777777777778}}