{"features": {"malice": 0.9245283018867924, "generic": 0.4285714285714285, "trojan": 0.5, "ransomware": 0.0, "worm": 0.0178571428571428, "backdoor": 0.0, "spyware": 0.0, "rootkit": 0.0, "encrypter": 0.0535714285714285, "downloader": 0.0}}