{"features": {"malice": 0.8852459016393442, "generic": 0.4210526315789473, "trojan": 0.5087719298245614, "ransomware": 0.0, "worm": 0.0350877192982456, "backdoor": 0.0, "spyware": 0.0, "rootkit": 0.0, "encrypter": 0.0175438596491228, "downloader": 0.0175438596491228}}