{"features": {"malice": 0.8702290076335878, "generic": 0.4426229508196721, "trojan": 0.4590163934426229, "ransomware": 0.0, "worm": 0.0, "backdoor": 0.0, "spyware": 0.0, "rootkit": 0.081967213114754, "encrypter": 0.0163934426229508, "downloader": 0.0}}