{"features": {"malice": 0.9245283018867924, "generic": 0.45, "trojan": 0.4333333333333333, "ransomware": 0.0166666666666666, "worm": 0.0166666666666666, "backdoor": 0.0166666666666666, "spyware": 0.0, "rootkit": 0.0, "encrypter": 0.05, "downloader": 0.0166666666666666}}