{"features": {"malice": 0.8932038834951457, "generic": 0.3111111111111111, "trojan": 0.5555555555555556, "ransomware": 0.0, "worm": 0.0222222222222222, "backdoor": 0.0, "spyware": 0.0, "rootkit": 0.0, "encrypter": 0.1111111111111111, "downloader": 0.0}}