{"features": {"malice": 0.8412698412698413, "generic": 0.45, "trojan": 0.3833333333333333, "ransomware": 0.0, "worm": 0.0, "backdoor": 0.0, "spyware": 0.0, "rootkit": 0.15, "encrypter": 0.0166666666666666, "downloader": 0.0}}