{"features": {"malice": 0.8992248062015504, "generic": 0.5119047619047619, "trojan": 0.4047619047619047, "ransomware": 0.0357142857142857, "worm": 0.0, "backdoor": 0.0, "spyware": 0.0, "rootkit": 0.0, "encrypter": 0.0357142857142857, "downloader": 0.0119047619047619}}