{"features": {"malice": 0.9142857142857144, "generic": 0.4545454545454545, "trojan": 0.4363636363636363, "ransomware": 0.0, "worm": 0.0181818181818181, "backdoor": 0.0, "spyware": 0.0, "rootkit": 0.0, "encrypter": 0.0727272727272727, "downloader": 0.0181818181818181}}