{"features": {"malice": 0.9142857142857144, "generic": 0.3888888888888889, "trojan": 0.4814814814814814, "ransomware": 0.0185185185185185, "worm": 0.0185185185185185, "backdoor": 0.0, "spyware": 0.0, "rootkit": 0.0, "encrypter": 0.0925925925925925, "downloader": 0.0}}