{"features": {"malice": 0.6111111111111112, "generic": 0.4651162790697674, "trojan": 0.2790697674418604, "ransomware": 0.0, "worm": 0.0232558139534883, "backdoor": 0.0, "spyware": 0.0, "rootkit": 0.0, "encrypter": 0.0, "downloader": 0.2325581395348837}}