{"features": {"malice": 0.86, "generic": 0.3559322033898305, "trojan": 0.3389830508474576, "ransomware": 0.0, "worm": 0.0, "backdoor": 0.1016949152542373, "spyware": 0.0, "rootkit": 0.0, "encrypter": 0.135593220338983, "downloader": 0.0677966101694915}}