{"features": {"malice": 0.9444444444444444, "generic": 0.3703703703703703, "trojan": 0.5555555555555556, "ransomware": 0.0, "worm": 0.0185185185185185, "backdoor": 0.0, "spyware": 0.0, "rootkit": 0.0, "encrypter": 0.0555555555555555, "downloader": 0.0}}