{"features": {"malice": 0.8712871287128713, "generic": 0.3559322033898305, "trojan": 0.3898305084745763, "ransomware": 0.0, "worm": 0.0, "backdoor": 0.0847457627118644, "spyware": 0.0, "rootkit": 0.0169491525423728, "encrypter": 0.0677966101694915, "downloader": 0.0847457627118644}}