{"features": {"malice": 0.8686868686868687, "generic": 0.3877551020408163, "trojan": 0.4285714285714285, "ransomware": 0.0, "worm": 0.0, "backdoor": 0.0, "spyware": 0.0, "rootkit": 0.0, "encrypter": 0.1836734693877551, "downloader": 0.0}}