{"features": {"malice": 0.9345794392523364, "generic": 0.365079365079365, "trojan": 0.4285714285714285, "ransomware": 0.0, "worm": 0.0, "backdoor": 0.0, "spyware": 0.0, "rootkit": 0.0, "encrypter": 0.2063492063492063, "downloader": 0.0}}