{"features": {"malice": 0.8571428571428571, "generic": 0.2857142857142857, "trojan": 0.4285714285714285, "ransomware": 0.0204081632653061, "worm": 0.0, "backdoor": 0.0408163265306122, "spyware": 0.0, "rootkit": 0.0, "encrypter": 0.1836734693877551, "downloader": 0.0408163265306122}}