{"features": {"malice": 0.8932038834951457, "generic": 0.3454545454545454, "trojan": 0.5454545454545454, "ransomware": 0.0, "worm": 0.0363636363636363, "backdoor": 0.0, "spyware": 0.0, "rootkit": 0.0, "encrypter": 0.0545454545454545, "downloader": 0.0181818181818181}}