{"features": {"malice": 0.9245283018867924, "generic": 0.3333333333333333, "trojan": 0.4561403508771929, "ransomware": 0.0, "worm": 0.0, "backdoor": 0.0, "spyware": 0.0175438596491228, "rootkit": 0.0, "encrypter": 0.1929824561403508, "downloader": 0.0}}