{"features": {"malice": 0.8712871287128713, "generic": 0.3584905660377358, "trojan": 0.3962264150943396, "ransomware": 0.0188679245283018, "worm": 0.0, "backdoor": 0.0754716981132075, "spyware": 0.0, "rootkit": 0.0, "encrypter": 0.1509433962264151, "downloader": 0.0}}