{"features": {"malice": 0.9622641509433962, "generic": 0.3684210526315789, "trojan": 0.5263157894736842, "ransomware": 0.0, "worm": 0.0, "backdoor": 0.0, "spyware": 0.0, "rootkit": 0.0, "encrypter": 0.1052631578947368, "downloader": 0.0}}