{"features": {"malice": 0.912621359223301, "generic": 0.2765957446808511, "trojan": 0.6382978723404256, "ransomware": 0.0, "worm": 0.0, "backdoor": 0.0, "spyware": 0.0, "rootkit": 0.0, "encrypter": 0.0851063829787234, "downloader": 0.0}}