{"features": {"malice": 0.7563025210084033, "generic": 0.46875, "trojan": 0.359375, "ransomware": 0.0, "worm": 0.015625, "backdoor": 0.0, "spyware": 0.0, "rootkit": 0.0, "encrypter": 0.0, "downloader": 0.15625}}