{"features": {"malice": 0.8712871287128713, "generic": 0.4259259259259259, "trojan": 0.4074074074074074, "ransomware": 0.0, "worm": 0.0, "backdoor": 0.074074074074074, "spyware": 0.0, "rootkit": 0.0, "encrypter": 0.0925925925925925, "downloader": 0.0}}