{"features": {"malice": 0.6486486486486487, "generic": 0.4583333333333333, "trojan": 0.2916666666666667, "ransomware": 0.0, "worm": 0.0208333333333333, "backdoor": 0.0, "spyware": 0.0, "rootkit": 0.0, "encrypter": 0.0, "downloader": 0.2291666666666666}}