{"features": {"malice": 0.8688524590163934, "generic": 0.4590163934426229, "trojan": 0.3934426229508196, "ransomware": 0.0, "worm": 0.0, "backdoor": 0.0, "spyware": 0.0, "rootkit": 0.1311475409836065, "encrypter": 0.0163934426229508, "downloader": 0.0}}