{"features": {"malice": 0.8712871287128713, "generic": 0.3928571428571428, "trojan": 0.4285714285714285, "ransomware": 0.0, "worm": 0.0, "backdoor": 0.0, "spyware": 0.0, "rootkit": 0.0, "encrypter": 0.1785714285714285, "downloader": 0.0}}