{"features": {"malice": 0.9197080291970804, "generic": 0.4337349397590361, "trojan": 0.3614457831325301, "ransomware": 0.0843373493975903, "worm": 0.0, "backdoor": 0.108433734939759, "spyware": 0.0, "rootkit": 0.0, "encrypter": 0.0120481927710843, "downloader": 0.0}}