{"features": {"malice": 0.743801652892562, "generic": 0.5, "trojan": 0.3108108108108108, "ransomware": 0.0, "worm": 0.0, "backdoor": 0.0, "spyware": 0.0, "rootkit": 0.0, "encrypter": 0.0, "downloader": 0.1891891891891892}}