{"features": {"malice": 0.7704918032786885, "generic": 0.5070422535211268, "trojan": 0.352112676056338, "ransomware": 0.0, "worm": 0.0140845070422535, "backdoor": 0.0, "spyware": 0.0, "rootkit": 0.0, "encrypter": 0.0, "downloader": 0.1267605633802817}}