{"features": {"malice": 0.9636363636363636, "generic": 0.2777777777777778, "trojan": 0.4, "ransomware": 0.0, "worm": 0.0222222222222222, "backdoor": 0.1666666666666666, "spyware": 0.0, "rootkit": 0.0, "encrypter": 0.0333333333333333, "downloader": 0.1}}