{"features": {"malice": 0.88, "generic": 0.5306122448979592, "trojan": 0.3877551020408163, "ransomware": 0.0, "worm": 0.0612244897959183, "backdoor": 0.0, "spyware": 0.0, "rootkit": 0.0, "encrypter": 0.0204081632653061, "downloader": 0.0}}