{"features": {"malice": 0.6964285714285714, "generic": 0.4150943396226415, "trojan": 0.320754716981132, "ransomware": 0.0, "worm": 0.0188679245283018, "backdoor": 0.0, "spyware": 0.0, "rootkit": 0.0, "encrypter": 0.0, "downloader": 0.2452830188679245}}