{"features": {"malice": 0.9345794392523364, "generic": 0.3392857142857143, "trojan": 0.6071428571428571, "ransomware": 0.0, "worm": 0.0, "backdoor": 0.0, "spyware": 0.0, "rootkit": 0.0, "encrypter": 0.0535714285714285, "downloader": 0.0}}