{"features": {"malice": 0.8247422680412371, "generic": 0.3877551020408163, "trojan": 0.2448979591836734, "ransomware": 0.0, "worm": 0.0, "backdoor": 0.2244897959183673, "spyware": 0.0, "rootkit": 0.0204081632653061, "encrypter": 0.1020408163265306, "downloader": 0.0204081632653061}}