{"features": {"malice": 0.8682170542635659, "generic": 0.4307692307692308, "trojan": 0.5692307692307692, "ransomware": 0.0, "worm": 0.0, "backdoor": 0.0, "spyware": 0.0, "rootkit": 0.0, "encrypter": 0.0, "downloader": 0.0}}