{"features": {"malice": 0.912621359223301, "generic": 0.34375, "trojan": 0.359375, "ransomware": 0.0, "worm": 0.0, "backdoor": 0.109375, "spyware": 0.0, "rootkit": 0.0, "encrypter": 0.125, "downloader": 0.0625}}