{"features": {"malice": 0.7413793103448276, "generic": 0.4210526315789473, "trojan": 0.2982456140350877, "ransomware": 0.0, "worm": 0.0175438596491228, "backdoor": 0.0, "spyware": 0.0, "rootkit": 0.0, "encrypter": 0.0, "downloader": 0.2631578947368421}}