{"features": {"malice": 0.9230769230769232, "generic": 0.4090909090909091, "trojan": 0.5151515151515151, "ransomware": 0.0151515151515151, "worm": 0.0, "backdoor": 0.0, "spyware": 0.0, "rootkit": 0.0, "encrypter": 0.0606060606060606, "downloader": 0.0}}