{"features": {"malice": 0.8823529411764706, "generic": 0.3114754098360656, "trojan": 0.3278688524590163, "ransomware": 0.0, "worm": 0.0163934426229508, "backdoor": 0.1639344262295081, "spyware": 0.0, "rootkit": 0.0163934426229508, "encrypter": 0.0491803278688524, "downloader": 0.1147540983606557}}