{"features": {"malice": 0.7540983606557377, "generic": 0.5135135135135135, "trojan": 0.3108108108108108, "ransomware": 0.0, "worm": 0.0135135135135135, "backdoor": 0.0, "spyware": 0.0, "rootkit": 0.0, "encrypter": 0.0, "downloader": 0.1621621621621621}}