{"features": {"malice": 0.9147286821705426, "generic": 0.4393939393939394, "trojan": 0.3787878787878788, "ransomware": 0.0, "worm": 0.0151515151515151, "backdoor": 0.0, "spyware": 0.0, "rootkit": 0.0, "encrypter": 0.1666666666666666, "downloader": 0.0}}