{"features": {"malice": 0.903846153846154, "generic": 0.396551724137931, "trojan": 0.4482758620689655, "ransomware": 0.0, "worm": 0.0, "backdoor": 0.0, "spyware": 0.0, "rootkit": 0.0, "encrypter": 0.1551724137931034, "downloader": 0.0}}