{"features": {"malice": 0.8721804511278195, "generic": 0.4477611940298507, "trojan": 0.4029850746268656, "ransomware": 0.0, "worm": 0.0, "backdoor": 0.0, "spyware": 0.0, "rootkit": 0.1343283582089552, "encrypter": 0.0149253731343283, "downloader": 0.0}}