{"features": {"malice": 0.8484848484848485, "generic": 0.417910447761194, "trojan": 0.4328358208955223, "ransomware": 0.0, "worm": 0.0, "backdoor": 0.0, "spyware": 0.0, "rootkit": 0.1492537313432835, "encrypter": 0.0, "downloader": 0.0}}