{"features": {"malice": 0.9147286821705426, "generic": 0.4927536231884058, "trojan": 0.3768115942028985, "ransomware": 0.0144927536231884, "worm": 0.0, "backdoor": 0.0, "spyware": 0.0, "rootkit": 0.0, "encrypter": 0.1014492753623188, "downloader": 0.0144927536231884}}