{"features": {"malice": 0.9142857142857144, "generic": 0.4074074074074074, "trojan": 0.4629629629629629, "ransomware": 0.0, "worm": 0.0185185185185185, "backdoor": 0.0, "spyware": 0.0, "rootkit": 0.0, "encrypter": 0.1111111111111111, "downloader": 0.0}}