{"features": {"malice": 0.9345794392523364, "generic": 0.3043478260869565, "trojan": 0.5869565217391305, "ransomware": 0.0, "worm": 0.0217391304347826, "backdoor": 0.0, "spyware": 0.0, "rootkit": 0.0, "encrypter": 0.0869565217391304, "downloader": 0.0}}