{"features": {"malice": 0.6607142857142857, "generic": 0.423728813559322, "trojan": 0.4406779661016949, "ransomware": 0.0, "worm": 0.0, "backdoor": 0.0, "spyware": 0.0, "rootkit": 0.0, "encrypter": 0.0, "downloader": 0.135593220338983}}