{"features": {"malice": 0.9019607843137256, "generic": 0.3617021276595745, "trojan": 0.5106382978723404, "ransomware": 0.0, "worm": 0.0212765957446808, "backdoor": 0.0, "spyware": 0.0, "rootkit": 0.0, "encrypter": 0.1063829787234042, "downloader": 0.0}}