{"features": {"malice": 0.9345794392523364, "generic": 0.3636363636363636, "trojan": 0.4696969696969697, "ransomware": 0.0, "worm": 0.0, "backdoor": 0.0, "spyware": 0.0, "rootkit": 0.0, "encrypter": 0.1666666666666666, "downloader": 0.0}}