{"features": {"malice": 0.935251798561151, "generic": 0.2333333333333333, "trojan": 0.4666666666666667, "ransomware": 0.1444444444444444, "worm": 0.0111111111111111, "backdoor": 0.0, "spyware": 0.0, "rootkit": 0.0, "encrypter": 0.0555555555555555, "downloader": 0.0888888888888888}}