{"features": {"malice": 0.6111111111111112, "generic": 0.4761904761904761, "trojan": 0.2857142857142857, "ransomware": 0.0, "worm": 0.0238095238095238, "backdoor": 0.0, "spyware": 0.0, "rootkit": 0.0, "encrypter": 0.0, "downloader": 0.2142857142857142}}