{"features": {"malice": 0.8712871287128713, "generic": 0.3962264150943396, "trojan": 0.2452830188679245, "ransomware": 0.0, "worm": 0.0, "backdoor": 0.2075471698113207, "spyware": 0.0, "rootkit": 0.0, "encrypter": 0.1509433962264151, "downloader": 0.0}}