{"features": {"malice": 0.9245283018867924, "generic": 0.2727272727272727, "trojan": 0.6, "ransomware": 0.0, "worm": 0.0, "backdoor": 0.0, "spyware": 0.0, "rootkit": 0.0, "encrypter": 0.1272727272727272, "downloader": 0.0}}