{"features": {"malice": 0.9541284403669724, "generic": 0.3333333333333333, "trojan": 0.543859649122807, "ransomware": 0.0175438596491228, "worm": 0.0175438596491228, "backdoor": 0.0, "spyware": 0.0, "rootkit": 0.0, "encrypter": 0.087719298245614, "downloader": 0.0}}