{"features": {"malice": 0.9345794392523364, "generic": 0.4210526315789473, "trojan": 0.5087719298245614, "ransomware": 0.0, "worm": 0.0175438596491228, "backdoor": 0.0, "spyware": 0.0, "rootkit": 0.0, "encrypter": 0.0526315789473684, "downloader": 0.0}}