{"features": {"malice": 0.9444444444444444, "generic": 0.2950819672131147, "trojan": 0.5901639344262295, "ransomware": 0.0, "worm": 0.0163934426229508, "backdoor": 0.0, "spyware": 0.0, "rootkit": 0.0, "encrypter": 0.0983606557377049, "downloader": 0.0}}