{"features": {"malice": 0.7603305785123967, "generic": 0.4558823529411764, "trojan": 0.2794117647058823, "ransomware": 0.0, "worm": 0.0, "backdoor": 0.0, "spyware": 0.0, "rootkit": 0.0, "encrypter": 0.0, "downloader": 0.2647058823529412}}