{"features": {"malice": 0.903846153846154, "generic": 0.3090909090909091, "trojan": 0.4181818181818181, "ransomware": 0.0181818181818181, "worm": 0.0, "backdoor": 0.0545454545454545, "spyware": 0.0, "rootkit": 0.0181818181818181, "encrypter": 0.1272727272727272, "downloader": 0.0545454545454545}}