{"features": {"malice": 0.8943089430894309, "generic": 0.4142857142857143, "trojan": 0.5285714285714286, "ransomware": 0.0, "worm": 0.0, "backdoor": 0.0, "spyware": 0.0, "rootkit": 0.0, "encrypter": 0.0571428571428571, "downloader": 0.0}}