{"features": {"malice": 0.9541284403669724, "generic": 0.2941176470588235, "trojan": 0.6078431372549019, "ransomware": 0.0, "worm": 0.0196078431372549, "backdoor": 0.0, "spyware": 0.0, "rootkit": 0.0, "encrypter": 0.0784313725490196, "downloader": 0.0}}