{"features": {"malice": 0.9444444444444444, "generic": 0.3220338983050847, "trojan": 0.576271186440678, "ransomware": 0.0, "worm": 0.0169491525423728, "backdoor": 0.0, "spyware": 0.0, "rootkit": 0.0, "encrypter": 0.0847457627118644, "downloader": 0.0}}