{"features": {"malice": 0.7563025210084033, "generic": 0.4852941176470588, "trojan": 0.3529411764705882, "ransomware": 0.0, "worm": 0.0147058823529411, "backdoor": 0.0, "spyware": 0.0, "rootkit": 0.0, "encrypter": 0.0, "downloader": 0.1470588235294117}}