{"features": {"malice": 0.8686868686868687, "generic": 0.3061224489795918, "trojan": 0.4081632653061224, "ransomware": 0.0, "worm": 0.0, "backdoor": 0.1224489795918367, "spyware": 0.0, "rootkit": 0.0204081632653061, "encrypter": 0.1020408163265306, "downloader": 0.0408163265306122}}