{"features": {"malice": 0.9532710280373832, "generic": 0.4137931034482758, "trojan": 0.5, "ransomware": 0.0, "worm": 0.0172413793103448, "backdoor": 0.0, "spyware": 0.0, "rootkit": 0.0, "encrypter": 0.0689655172413793, "downloader": 0.0}}