{"features": {"malice": 0.9245283018867924, "generic": 0.3968253968253968, "trojan": 0.4126984126984127, "ransomware": 0.0, "worm": 0.0317460317460317, "backdoor": 0.0, "spyware": 0.0, "rootkit": 0.0, "encrypter": 0.0952380952380952, "downloader": 0.0634920634920634}}