{"features": {"malice": 0.6782608695652174, "generic": 0.453125, "trojan": 0.375, "ransomware": 0.0, "worm": 0.0, "backdoor": 0.0, "spyware": 0.0, "rootkit": 0.0, "encrypter": 0.0, "downloader": 0.171875}}