{"features": {"malice": 0.9320388349514565, "generic": 0.3584905660377358, "trojan": 0.4339622641509434, "ransomware": 0.0, "worm": 0.0, "backdoor": 0.0, "spyware": 0.0, "rootkit": 0.0, "encrypter": 0.2075471698113207, "downloader": 0.0}}