{"features": {"malice": 0.9142857142857144, "generic": 0.3148148148148148, "trojan": 0.5370370370370371, "ransomware": 0.0, "worm": 0.0, "backdoor": 0.0185185185185185, "spyware": 0.0, "rootkit": 0.0, "encrypter": 0.1296296296296296, "downloader": 0.0}}