{"features": {"malice": 0.8461538461538461, "generic": 0.4098360655737705, "trojan": 0.5901639344262295, "ransomware": 0.0, "worm": 0.0, "backdoor": 0.0, "spyware": 0.0, "rootkit": 0.0, "encrypter": 0.0, "downloader": 0.0}}