{"features": {"malice": 0.7333333333333333, "generic": 0.4852941176470588, "trojan": 0.3382352941176471, "ransomware": 0.0, "worm": 0.0, "backdoor": 0.0, "spyware": 0.0, "rootkit": 0.0, "encrypter": 0.0, "downloader": 0.1764705882352941}}