{"features": {"malice": 0.9147286821705426, "generic": 0.390625, "trojan": 0.328125, "ransomware": 0.0, "worm": 0.0, "backdoor": 0.015625, "spyware": 0.0, "rootkit": 0.0, "encrypter": 0.25, "downloader": 0.015625}}