{"features": {"malice": 0.912621359223301, "generic": 0.3103448275862069, "trojan": 0.5172413793103449, "ransomware": 0.0344827586206896, "worm": 0.0, "backdoor": 0.0, "spyware": 0.0, "rootkit": 0.0172413793103448, "encrypter": 0.1034482758620689, "downloader": 0.0172413793103448}}