{"features": {"malice": 0.7333333333333333, "generic": 0.515625, "trojan": 0.28125, "ransomware": 0.0, "worm": 0.015625, "backdoor": 0.0, "spyware": 0.0, "rootkit": 0.0, "encrypter": 0.0, "downloader": 0.1875}}