{"features": {"malice": 0.903846153846154, "generic": 0.4333333333333333, "trojan": 0.4333333333333333, "ransomware": 0.0, "worm": 0.0166666666666666, "backdoor": 0.0, "spyware": 0.0, "rootkit": 0.0, "encrypter": 0.1166666666666666, "downloader": 0.0}}