{"features": {"malice": 0.7079646017699115, "generic": 0.4259259259259259, "trojan": 0.3148148148148148, "ransomware": 0.0, "worm": 0.0, "backdoor": 0.0, "spyware": 0.0, "rootkit": 0.0, "encrypter": 0.0, "downloader": 0.2592592592592592}}