{"features": {"malice": 0.8461538461538461, "generic": 0.4696969696969697, "trojan": 0.5303030303030303, "ransomware": 0.0, "worm": 0.0, "backdoor": 0.0, "spyware": 0.0, "rootkit": 0.0, "encrypter": 0.0, "downloader": 0.0}}