{"features": {"malice": 0.8346456692913385, "generic": 0.4482758620689655, "trojan": 0.5517241379310345, "ransomware": 0.0, "worm": 0.0, "backdoor": 0.0, "spyware": 0.0, "rootkit": 0.0, "encrypter": 0.0, "downloader": 0.0}}