{"features": {"malice": 0.9444444444444444, "generic": 0.3773584905660377, "trojan": 0.5283018867924528, "ransomware": 0.0, "worm": 0.0188679245283018, "backdoor": 0.0, "spyware": 0.0, "rootkit": 0.0, "encrypter": 0.0754716981132075, "downloader": 0.0}}