{"features": {"malice": 0.8682170542635659, "generic": 0.4754098360655737, "trojan": 0.4754098360655737, "ransomware": 0.0, "worm": 0.0, "backdoor": 0.0, "spyware": 0.0, "rootkit": 0.0491803278688524, "encrypter": 0.0, "downloader": 0.0}}