{"features": {"malice": 0.8429752066115702, "generic": 0.423728813559322, "trojan": 0.3728813559322034, "ransomware": 0.135593220338983, "worm": 0.0, "backdoor": 0.0169491525423728, "spyware": 0.0, "rootkit": 0.0, "encrypter": 0.0338983050847457, "downloader": 0.0169491525423728}}