{"features": {"malice": 0.9107142857142856, "generic": 0.4714285714285714, "trojan": 0.4428571428571428, "ransomware": 0.0, "worm": 0.0, "backdoor": 0.0142857142857142, "spyware": 0.0, "rootkit": 0.0, "encrypter": 0.0714285714285714, "downloader": 0.0}}