{"features": {"malice": 0.8617886178861789, "generic": 0.4181818181818181, "trojan": 0.4181818181818181, "ransomware": 0.0, "worm": 0.0, "backdoor": 0.0, "spyware": 0.0, "rootkit": 0.0, "encrypter": 0.1272727272727272, "downloader": 0.0363636363636363}}