{"features": {"malice": 0.9393939393939394, "generic": 0.4698795180722891, "trojan": 0.4578313253012048, "ransomware": 0.0, "worm": 0.0, "backdoor": 0.0, "spyware": 0.0, "rootkit": 0.0, "encrypter": 0.072289156626506, "downloader": 0.0}}