{"features": {"malice": 0.9206349206349206, "generic": 0.4035087719298245, "trojan": 0.543859649122807, "ransomware": 0.0, "worm": 0.0, "backdoor": 0.0, "spyware": 0.0, "rootkit": 0.0, "encrypter": 0.0526315789473684, "downloader": 0.0}}