{"features": {"malice": 0.965034965034965, "generic": 0.425531914893617, "trojan": 0.4680851063829787, "ransomware": 0.0106382978723404, "worm": 0.0106382978723404, "backdoor": 0.0212765957446808, "spyware": 0.0, "rootkit": 0.0, "encrypter": 0.0212765957446808, "downloader": 0.0425531914893617}}