{"features": {"malice": 0.90625, "generic": 0.3676470588235294, "trojan": 0.4117647058823529, "ransomware": 0.0, "worm": 0.0, "backdoor": 0.0147058823529411, "spyware": 0.0, "rootkit": 0.0, "encrypter": 0.2058823529411764, "downloader": 0.0}}