{"features": {"malice": 0.7394957983193278, "generic": 0.5573770491803278, "trojan": 0.2622950819672131, "ransomware": 0.0, "worm": 0.0163934426229508, "backdoor": 0.0, "spyware": 0.0, "rootkit": 0.0, "encrypter": 0.0, "downloader": 0.1639344262295081}}