{"features": {"malice": 0.9230769230769232, "generic": 0.4941176470588235, "trojan": 0.4352941176470588, "ransomware": 0.0, "worm": 0.0, "backdoor": 0.0117647058823529, "spyware": 0.0, "rootkit": 0.0, "encrypter": 0.0588235294117647, "downloader": 0.0}}