{"features": {"malice": 0.9402985074626866, "generic": 0.4794520547945205, "trojan": 0.3561643835616438, "ransomware": 0.0, "worm": 0.0, "backdoor": 0.0, "spyware": 0.0, "rootkit": 0.0, "encrypter": 0.1506849315068493, "downloader": 0.0136986301369863}}