{"features": {"malice": 0.90625, "generic": 0.396551724137931, "trojan": 0.5172413793103449, "ransomware": 0.0344827586206896, "worm": 0.0, "backdoor": 0.0, "spyware": 0.0, "rootkit": 0.0, "encrypter": 0.0517241379310344, "downloader": 0.0}}