{"features": {"malice": 0.8976377952755905, "generic": 0.373134328358209, "trojan": 0.3880597014925373, "ransomware": 0.0, "worm": 0.0, "backdoor": 0.044776119402985, "spyware": 0.0, "rootkit": 0.0, "encrypter": 0.1940298507462686, "downloader": 0.0}}