{"features": {"malice": 0.903846153846154, "generic": 0.3962264150943396, "trojan": 0.4150943396226415, "ransomware": 0.0188679245283018, "worm": 0.0188679245283018, "backdoor": 0.0188679245283018, "spyware": 0.0, "rootkit": 0.0, "encrypter": 0.0943396226415094, "downloader": 0.0377358490566037}}