{"features": {"malice": 0.9245283018867924, "generic": 0.2777777777777778, "trojan": 0.6111111111111112, "ransomware": 0.0, "worm": 0.0, "backdoor": 0.0, "spyware": 0.0, "rootkit": 0.0, "encrypter": 0.1111111111111111, "downloader": 0.0}}