{"features": {"malice": 0.7333333333333333, "generic": 0.4833333333333333, "trojan": 0.3, "ransomware": 0.0, "worm": 0.0166666666666666, "backdoor": 0.0, "spyware": 0.0, "rootkit": 0.0, "encrypter": 0.0, "downloader": 0.2}}