{"features": {"malice": 0.9090909090909092, "generic": 0.3974358974358974, "trojan": 0.4743589743589743, "ransomware": 0.0384615384615384, "worm": 0.0128205128205128, "backdoor": 0.0256410256410256, "spyware": 0.0, "rootkit": 0.0, "encrypter": 0.0512820512820512, "downloader": 0.0}}