{"features": {"malice": 0.9147286821705426, "generic": 0.3833333333333333, "trojan": 0.4833333333333333, "ransomware": 0.0, "worm": 0.0, "backdoor": 0.0, "spyware": 0.0, "rootkit": 0.0, "encrypter": 0.1333333333333333, "downloader": 0.0}}