{"features": {"malice": 0.9541284403669724, "generic": 0.2898550724637681, "trojan": 0.4782608695652174, "ransomware": 0.0144927536231884, "worm": 0.0, "backdoor": 0.072463768115942, "spyware": 0.0, "rootkit": 0.0144927536231884, "encrypter": 0.1159420289855072, "downloader": 0.0144927536231884}}