{"features": {"malice": 0.9333333333333332, "generic": 0.2941176470588235, "trojan": 0.6470588235294118, "ransomware": 0.0, "worm": 0.0, "backdoor": 0.0, "spyware": 0.0, "rootkit": 0.0, "encrypter": 0.0588235294117647, "downloader": 0.0}}