{"features": {"malice": 0.9433962264150944, "generic": 0.3114754098360656, "trojan": 0.4098360655737705, "ransomware": 0.0, "worm": 0.0, "backdoor": 0.1147540983606557, "spyware": 0.0, "rootkit": 0.0163934426229508, "encrypter": 0.1311475409836065, "downloader": 0.0163934426229508}}