{"features": {"malice": 0.9523809523809524, "generic": 0.3269230769230769, "trojan": 0.5769230769230769, "ransomware": 0.0, "worm": 0.0192307692307692, "backdoor": 0.0, "spyware": 0.0, "rootkit": 0.0, "encrypter": 0.0576923076923076, "downloader": 0.0192307692307692}}