{"features": {"malice": 0.9541284403669724, "generic": 0.3333333333333333, "trojan": 0.5555555555555556, "ransomware": 0.0, "worm": 0.0185185185185185, "backdoor": 0.0, "spyware": 0.0, "rootkit": 0.0, "encrypter": 0.0925925925925925, "downloader": 0.0}}