{"features": {"malice": 0.8823529411764706, "generic": 0.293103448275862, "trojan": 0.4137931034482758, "ransomware": 0.0, "worm": 0.0172413793103448, "backdoor": 0.0689655172413793, "spyware": 0.0, "rootkit": 0.0172413793103448, "encrypter": 0.1896551724137931, "downloader": 0.0}}