{"features": {"malice": 0.8130081300813008, "generic": 0.5245901639344263, "trojan": 0.4262295081967213, "ransomware": 0.0, "worm": 0.0, "backdoor": 0.0163934426229508, "spyware": 0.0, "rootkit": 0.0163934426229508, "encrypter": 0.0163934426229508, "downloader": 0.0}}