{"features": {"malice": 0.7350427350427351, "generic": 0.4393939393939394, "trojan": 0.3484848484848485, "ransomware": 0.0, "worm": 0.0, "backdoor": 0.0, "spyware": 0.0, "rootkit": 0.0, "encrypter": 0.0, "downloader": 0.2121212121212121}}