{"features": {"malice": 0.8823529411764706, "generic": 0.3333333333333333, "trojan": 0.5111111111111111, "ransomware": 0.0, "worm": 0.0, "backdoor": 0.0, "spyware": 0.0, "rootkit": 0.0, "encrypter": 0.1333333333333333, "downloader": 0.0222222222222222}}