{"features": {"malice": 0.9142857142857144, "generic": 0.4032258064516129, "trojan": 0.3870967741935484, "ransomware": 0.0, "worm": 0.0, "backdoor": 0.0, "spyware": 0.0, "rootkit": 0.0, "encrypter": 0.2096774193548387, "downloader": 0.0}}