{"features": {"malice": 0.9142857142857144, "generic": 0.2909090909090909, "trojan": 0.4363636363636363, "ransomware": 0.0, "worm": 0.0, "backdoor": 0.0363636363636363, "spyware": 0.0, "rootkit": 0.0, "encrypter": 0.2, "downloader": 0.0363636363636363}}