{"features": {"malice": 0.8872180451127819, "generic": 0.4782608695652174, "trojan": 0.3768115942028985, "ransomware": 0.0, "worm": 0.0144927536231884, "backdoor": 0.0, "spyware": 0.0, "rootkit": 0.0, "encrypter": 0.1304347826086956, "downloader": 0.0}}