{"features": {"malice": 0.9019607843137256, "generic": 0.3269230769230769, "trojan": 0.4807692307692308, "ransomware": 0.0, "worm": 0.0, "backdoor": 0.0192307692307692, "spyware": 0.0, "rootkit": 0.0, "encrypter": 0.173076923076923, "downloader": 0.0}}