{"features": {"malice": 0.8870967741935484, "generic": 0.3970588235294117, "trojan": 0.5294117647058824, "ransomware": 0.0, "worm": 0.0, "backdoor": 0.0, "spyware": 0.0, "rootkit": 0.0, "encrypter": 0.0735294117647058, "downloader": 0.0}}