{"features": {"malice": 0.8549618320610687, "generic": 0.4776119402985074, "trojan": 0.373134328358209, "ransomware": 0.0, "worm": 0.0, "backdoor": 0.0, "spyware": 0.0, "rootkit": 0.1343283582089552, "encrypter": 0.0149253731343283, "downloader": 0.0}}