{"features": {"malice": 0.9622641509433962, "generic": 0.2666666666666666, "trojan": 0.6333333333333333, "ransomware": 0.0, "worm": 0.0, "backdoor": 0.0, "spyware": 0.0, "rootkit": 0.0, "encrypter": 0.1, "downloader": 0.0}}