{"features": {"malice": 0.9142857142857144, "generic": 0.3035714285714285, "trojan": 0.6428571428571429, "ransomware": 0.0, "worm": 0.0, "backdoor": 0.0, "spyware": 0.0, "rootkit": 0.0, "encrypter": 0.0535714285714285, "downloader": 0.0}}