{"features": {"malice": 0.9133858267716536, "generic": 0.4328358208955223, "trojan": 0.417910447761194, "ransomware": 0.0149253731343283, "worm": 0.0, "backdoor": 0.0, "spyware": 0.0, "rootkit": 0.0, "encrypter": 0.1044776119402985, "downloader": 0.0298507462686567}}