{"features": {"malice": 0.9393939393939394, "generic": 0.4, "trojan": 0.5176470588235295, "ransomware": 0.0117647058823529, "worm": 0.0, "backdoor": 0.0, "spyware": 0.0, "rootkit": 0.0, "encrypter": 0.0705882352941176, "downloader": 0.0}}