{"features": {"malice": 0.8721804511278195, "generic": 0.484375, "trojan": 0.4375, "ransomware": 0.0, "worm": 0.0, "backdoor": 0.0, "spyware": 0.0, "rootkit": 0.0625, "encrypter": 0.015625, "downloader": 0.0}}