{"features": {"malice": 0.8721804511278195, "generic": 0.4307692307692308, "trojan": 0.4307692307692308, "ransomware": 0.0, "worm": 0.0, "backdoor": 0.0, "spyware": 0.0, "rootkit": 0.123076923076923, "encrypter": 0.0153846153846153, "downloader": 0.0}}