{"features": {"malice": 0.9142857142857144, "generic": 0.3728813559322034, "trojan": 0.559322033898305, "ransomware": 0.0, "worm": 0.0, "backdoor": 0.0, "spyware": 0.0, "rootkit": 0.0, "encrypter": 0.0677966101694915, "downloader": 0.0}}