{"features": {"malice": 0.9130434782608696, "generic": 0.5641025641025641, "trojan": 0.4358974358974359, "ransomware": 0.0, "worm": 0.0, "backdoor": 0.0, "spyware": 0.0, "rootkit": 0.0, "encrypter": 0.0, "downloader": 0.0}}