{"features": {"malice": 0.9457364341085271, "generic": 0.3472222222222222, "trojan": 0.4027777777777778, "ransomware": 0.0, "worm": 0.0, "backdoor": 0.0694444444444444, "spyware": 0.0, "rootkit": 0.0, "encrypter": 0.125, "downloader": 0.0555555555555555}}