{"features": {"malice": 0.9433962264150944, "generic": 0.3684210526315789, "trojan": 0.4385964912280701, "ransomware": 0.0175438596491228, "worm": 0.0, "backdoor": 0.0, "spyware": 0.0, "rootkit": 0.0, "encrypter": 0.175438596491228, "downloader": 0.0}}