{"features": {"malice": 0.972972972972973, "generic": 0.365079365079365, "trojan": 0.5079365079365079, "ransomware": 0.0, "worm": 0.0, "backdoor": 0.0158730158730158, "spyware": 0.0, "rootkit": 0.0, "encrypter": 0.1111111111111111, "downloader": 0.0}}