{"features": {"malice": 0.9629629629629628, "generic": 0.2823529411764706, "trojan": 0.4117647058823529, "ransomware": 0.0, "worm": 0.0235294117647058, "backdoor": 0.1764705882352941, "spyware": 0.0, "rootkit": 0.0, "encrypter": 0.0117647058823529, "downloader": 0.0941176470588235}}