{"features": {"malice": 0.9147286821705426, "generic": 0.4444444444444444, "trojan": 0.4761904761904761, "ransomware": 0.0, "worm": 0.0, "backdoor": 0.0, "spyware": 0.0, "rootkit": 0.0, "encrypter": 0.0793650793650793, "downloader": 0.0}}