{"features": {"malice": 0.9444444444444444, "generic": 0.3064516129032258, "trojan": 0.4032258064516129, "ransomware": 0.0, "worm": 0.0, "backdoor": 0.1290322580645161, "spyware": 0.0, "rootkit": 0.0161290322580645, "encrypter": 0.1290322580645161, "downloader": 0.0161290322580645}}