{"features": {"malice": 0.9444444444444444, "generic": 0.3870967741935484, "trojan": 0.5161290322580645, "ransomware": 0.0, "worm": 0.0161290322580645, "backdoor": 0.0, "spyware": 0.0, "rootkit": 0.0, "encrypter": 0.064516129032258, "downloader": 0.0161290322580645}}