{"features": {"malice": 0.903846153846154, "generic": 0.4489795918367347, "trojan": 0.4693877551020408, "ransomware": 0.0, "worm": 0.0408163265306122, "backdoor": 0.0, "spyware": 0.0, "rootkit": 0.0, "encrypter": 0.0408163265306122, "downloader": 0.0}}