{"features": {"malice": 0.8721804511278195, "generic": 0.4769230769230769, "trojan": 0.4461538461538462, "ransomware": 0.0, "worm": 0.0, "backdoor": 0.0, "spyware": 0.0, "rootkit": 0.0615384615384615, "encrypter": 0.0153846153846153, "downloader": 0.0}}