{"features": {"malice": 0.8932038834951457, "generic": 0.3818181818181818, "trojan": 0.4545454545454545, "ransomware": 0.0, "worm": 0.0, "backdoor": 0.0545454545454545, "spyware": 0.0, "rootkit": 0.0, "encrypter": 0.0909090909090909, "downloader": 0.0181818181818181}}