{"features": {"malice": 0.9444444444444444, "generic": 0.3157894736842105, "trojan": 0.5614035087719298, "ransomware": 0.0, "worm": 0.0, "backdoor": 0.0, "spyware": 0.0, "rootkit": 0.0, "encrypter": 0.1228070175438596, "downloader": 0.0}}