{"features": {"malice": 0.8932038834951457, "generic": 0.3137254901960784, "trojan": 0.6274509803921569, "ransomware": 0.0, "worm": 0.0, "backdoor": 0.0, "spyware": 0.0, "rootkit": 0.0, "encrypter": 0.0588235294117647, "downloader": 0.0}}