{"features": {"malice": 0.828125, "generic": 0.4696969696969697, "trojan": 0.3636363636363636, "ransomware": 0.106060606060606, "worm": 0.0, "backdoor": 0.0, "spyware": 0.0, "rootkit": 0.0, "encrypter": 0.0606060606060606, "downloader": 0.0}}