{"features": {"malice": 0.9142857142857144, "generic": 0.3684210526315789, "trojan": 0.2456140350877192, "ransomware": 0.0, "worm": 0.0, "backdoor": 0.2105263157894736, "spyware": 0.0, "rootkit": 0.0350877192982456, "encrypter": 0.1052631578947368, "downloader": 0.0350877192982456}}