{"features": {"malice": 0.9019607843137256, "generic": 0.3454545454545454, "trojan": 0.4909090909090909, "ransomware": 0.0, "worm": 0.0, "backdoor": 0.0181818181818181, "spyware": 0.0181818181818181, "rootkit": 0.0, "encrypter": 0.1272727272727272, "downloader": 0.0}}