{"features": {"malice": 0.9361702127659576, "generic": 0.4861111111111111, "trojan": 0.3333333333333333, "ransomware": 0.0, "worm": 0.0, "backdoor": 0.0, "spyware": 0.0, "rootkit": 0.0, "encrypter": 0.1805555555555555, "downloader": 0.0}}