{"features": {"malice": 0.9142857142857144, "generic": 0.3636363636363636, "trojan": 0.4909090909090909, "ransomware": 0.0181818181818181, "worm": 0.0181818181818181, "backdoor": 0.0, "spyware": 0.0, "rootkit": 0.0, "encrypter": 0.0909090909090909, "downloader": 0.0181818181818181}}