{"features": {"malice": 0.9142857142857144, "generic": 0.3333333333333333, "trojan": 0.5098039215686274, "ransomware": 0.0, "worm": 0.0196078431372549, "backdoor": 0.0, "spyware": 0.0, "rootkit": 0.0, "encrypter": 0.1372549019607843, "downloader": 0.0}}