{"features": {"malice": 0.86, "generic": 0.4423076923076923, "trojan": 0.1923076923076923, "ransomware": 0.0, "worm": 0.0, "backdoor": 0.1538461538461538, "spyware": 0.0, "rootkit": 0.0384615384615384, "encrypter": 0.1346153846153846, "downloader": 0.0384615384615384}}