{"features": {"malice": 0.8976377952755905, "generic": 0.4354838709677419, "trojan": 0.4677419354838709, "ransomware": 0.0161290322580645, "worm": 0.0, "backdoor": 0.0, "spyware": 0.0, "rootkit": 0.0, "encrypter": 0.0806451612903225, "downloader": 0.0}}