{"features": {"malice": 0.9108910891089108, "generic": 0.3148148148148148, "trojan": 0.5, "ransomware": 0.0, "worm": 0.0185185185185185, "backdoor": 0.0, "spyware": 0.0, "rootkit": 0.0, "encrypter": 0.1666666666666666, "downloader": 0.0}}