{"features": {"malice": 0.7350427350427351, "generic": 0.4032258064516129, "trojan": 0.3548387096774194, "ransomware": 0.0, "worm": 0.0161290322580645, "backdoor": 0.0, "spyware": 0.0, "rootkit": 0.0, "encrypter": 0.0, "downloader": 0.2258064516129032}}