{"features": {"malice": 0.8739495798319328, "generic": 0.4285714285714285, "trojan": 0.4285714285714285, "ransomware": 0.0, "worm": 0.0, "backdoor": 0.0, "spyware": 0.0, "rootkit": 0.125, "encrypter": 0.0178571428571428, "downloader": 0.0}}