{"features": {"malice": 0.8247422680412371, "generic": 0.375, "trojan": 0.4166666666666667, "ransomware": 0.0, "worm": 0.0, "backdoor": 0.0833333333333333, "spyware": 0.0, "rootkit": 0.0, "encrypter": 0.125, "downloader": 0.0}}