{"features": {"malice": 0.9142857142857144, "generic": 0.4761904761904761, "trojan": 0.4285714285714285, "ransomware": 0.0, "worm": 0.0158730158730158, "backdoor": 0.0, "spyware": 0.0, "rootkit": 0.0, "encrypter": 0.0476190476190476, "downloader": 0.0317460317460317}}