{"features": {"malice": 0.9, "generic": 0.4230769230769231, "trojan": 0.4423076923076923, "ransomware": 0.0, "worm": 0.0, "backdoor": 0.0192307692307692, "spyware": 0.0, "rootkit": 0.0, "encrypter": 0.1153846153846153, "downloader": 0.0}}