{"features": {"malice": 0.7540983606557377, "generic": 0.5714285714285714, "trojan": 0.2698412698412698, "ransomware": 0.0, "worm": 0.0158730158730158, "backdoor": 0.0, "spyware": 0.0, "rootkit": 0.0, "encrypter": 0.0, "downloader": 0.1428571428571428}}