{"features": {"malice": 0.8932038834951457, "generic": 0.2857142857142857, "trojan": 0.6071428571428571, "ransomware": 0.0, "worm": 0.0178571428571428, "backdoor": 0.0, "spyware": 0.0, "rootkit": 0.0, "encrypter": 0.0892857142857142, "downloader": 0.0}}