{"features": {"malice": 0.9230769230769232, "generic": 0.4677419354838709, "trojan": 0.2903225806451613, "ransomware": 0.0, "worm": 0.0, "backdoor": 0.1935483870967742, "spyware": 0.0, "rootkit": 0.0, "encrypter": 0.0483870967741935, "downloader": 0.0}}