{"features": {"malice": 0.9433962264150944, "generic": 0.3220338983050847, "trojan": 0.5932203389830508, "ransomware": 0.0, "worm": 0.0169491525423728, "backdoor": 0.0, "spyware": 0.0, "rootkit": 0.0, "encrypter": 0.0677966101694915, "downloader": 0.0}}