{"features": {"malice": 0.7226890756302521, "generic": 0.4057971014492754, "trojan": 0.3188405797101449, "ransomware": 0.0, "worm": 0.0144927536231884, "backdoor": 0.0, "spyware": 0.0, "rootkit": 0.0, "encrypter": 0.0, "downloader": 0.2608695652173913}}