{"features": {"malice": 0.903846153846154, "generic": 0.3454545454545454, "trojan": 0.4909090909090909, "ransomware": 0.0, "worm": 0.0, "backdoor": 0.0, "spyware": 0.0, "rootkit": 0.0, "encrypter": 0.1636363636363636, "downloader": 0.0}}