{"features": {"malice": 0.7192982456140351, "generic": 0.4339622641509434, "trojan": 0.3018867924528302, "ransomware": 0.0, "worm": 0.0188679245283018, "backdoor": 0.0, "spyware": 0.0, "rootkit": 0.0, "encrypter": 0.0, "downloader": 0.2452830188679245}}