{"features": {"malice": 0.9323308270676692, "generic": 0.527027027027027, "trojan": 0.3918918918918919, "ransomware": 0.027027027027027, "worm": 0.0, "backdoor": 0.0, "spyware": 0.0, "rootkit": 0.0, "encrypter": 0.054054054054054, "downloader": 0.0}}