{"features": {"malice": 0.9147286821705426, "generic": 0.3684210526315789, "trojan": 0.5789473684210527, "ransomware": 0.0, "worm": 0.0, "backdoor": 0.0, "spyware": 0.0, "rootkit": 0.0, "encrypter": 0.0526315789473684, "downloader": 0.0}}