{"features": {"malice": 0.8549618320610687, "generic": 0.5074626865671642, "trojan": 0.4925373134328358, "ransomware": 0.0, "worm": 0.0, "backdoor": 0.0, "spyware": 0.0, "rootkit": 0.0, "encrypter": 0.0, "downloader": 0.0}}