{"features": {"malice": 0.86, "generic": 0.3846153846153846, "trojan": 0.2884615384615384, "ransomware": 0.0192307692307692, "worm": 0.0, "backdoor": 0.1346153846153846, "spyware": 0.0, "rootkit": 0.0576923076923076, "encrypter": 0.0961538461538461, "downloader": 0.0192307692307692}}