{"features": {"malice": 0.9090909090909092, "generic": 0.4556962025316455, "trojan": 0.3670886075949367, "ransomware": 0.0886075949367088, "worm": 0.0126582278481012, "backdoor": 0.0, "spyware": 0.0, "rootkit": 0.0, "encrypter": 0.0759493670886076, "downloader": 0.0}}