{"features": {"malice": 0.8712871287128713, "generic": 0.3387096774193548, "trojan": 0.4677419354838709, "ransomware": 0.0, "worm": 0.0161290322580645, "backdoor": 0.032258064516129, "spyware": 0.0, "rootkit": 0.0161290322580645, "encrypter": 0.1129032258064516, "downloader": 0.0161290322580645}}