{"features": {"malice": 0.8823529411764706, "generic": 0.3584905660377358, "trojan": 0.4150943396226415, "ransomware": 0.0188679245283018, "worm": 0.0, "backdoor": 0.0377358490566037, "spyware": 0.0, "rootkit": 0.0188679245283018, "encrypter": 0.1132075471698113, "downloader": 0.0377358490566037}}