{"features": {"malice": 0.912621359223301, "generic": 0.4833333333333333, "trojan": 0.4166666666666667, "ransomware": 0.0, "worm": 0.0166666666666666, "backdoor": 0.0, "spyware": 0.0, "rootkit": 0.0, "encrypter": 0.05, "downloader": 0.0333333333333333}}