{"features": {"malice": 0.8688524590163934, "generic": 0.4482758620689655, "trojan": 0.4137931034482758, "ransomware": 0.0, "worm": 0.0, "backdoor": 0.0, "spyware": 0.0, "rootkit": 0.1034482758620689, "encrypter": 0.0344827586206896, "downloader": 0.0}}