{"features": {"malice": 0.8888888888888888, "generic": 0.4857142857142857, "trojan": 0.4, "ransomware": 0.0, "worm": 0.0, "backdoor": 0.0, "spyware": 0.0, "rootkit": 0.1, "encrypter": 0.0142857142857142, "downloader": 0.0}}