{"features": {"malice": 0.8932038834951457, "generic": 0.3333333333333333, "trojan": 0.5, "ransomware": 0.0, "worm": 0.0185185185185185, "backdoor": 0.0, "spyware": 0.0, "rootkit": 0.0, "encrypter": 0.0925925925925925, "downloader": 0.0555555555555555}}