{"features": {"malice": 0.9245283018867924, "generic": 0.3508771929824561, "trojan": 0.4736842105263157, "ransomware": 0.0, "worm": 0.0175438596491228, "backdoor": 0.0, "spyware": 0.0, "rootkit": 0.0, "encrypter": 0.1228070175438596, "downloader": 0.0350877192982456}}