{"features": {"malice": 0.9444444444444444, "generic": 0.3518518518518518, "trojan": 0.5185185185185185, "ransomware": 0.0, "worm": 0.0, "backdoor": 0.0185185185185185, "spyware": 0.0185185185185185, "rootkit": 0.0, "encrypter": 0.074074074074074, "downloader": 0.0185185185185185}}