{"features": {"malice": 0.9245283018867924, "generic": 0.4107142857142857, "trojan": 0.4821428571428571, "ransomware": 0.0, "worm": 0.0178571428571428, "backdoor": 0.0, "spyware": 0.0, "rootkit": 0.0, "encrypter": 0.0892857142857142, "downloader": 0.0}}