{"features": {"malice": 0.9345794392523364, "generic": 0.3571428571428571, "trojan": 0.5178571428571429, "ransomware": 0.0178571428571428, "worm": 0.0178571428571428, "backdoor": 0.0, "spyware": 0.0, "rootkit": 0.0, "encrypter": 0.0714285714285714, "downloader": 0.0178571428571428}}