{"features": {"malice": 0.8247422680412371, "generic": 0.3818181818181818, "trojan": 0.4363636363636363, "ransomware": 0.0, "worm": 0.0181818181818181, "backdoor": 0.0181818181818181, "spyware": 0.0, "rootkit": 0.0181818181818181, "encrypter": 0.1272727272727272, "downloader": 0.0}}