{"features": {"malice": 0.9230769230769232, "generic": 0.4406779661016949, "trojan": 0.5084745762711864, "ransomware": 0.0, "worm": 0.0, "backdoor": 0.0, "spyware": 0.0, "rootkit": 0.0, "encrypter": 0.0338983050847457, "downloader": 0.0169491525423728}}