{"features": {"malice": 0.9541284403669724, "generic": 0.3529411764705882, "trojan": 0.5441176470588235, "ransomware": 0.0, "worm": 0.0147058823529411, "backdoor": 0.0, "spyware": 0.0, "rootkit": 0.0, "encrypter": 0.0735294117647058, "downloader": 0.0147058823529411}}