{"features": {"malice": 0.784, "generic": 0.5138888888888888, "trojan": 0.3611111111111111, "ransomware": 0.0, "worm": 0.0138888888888888, "backdoor": 0.0, "spyware": 0.0, "rootkit": 0.0, "encrypter": 0.0, "downloader": 0.1111111111111111}}