{"features": {"malice": 0.5925925925925926, "generic": 0.4528301886792453, "trojan": 0.4150943396226415, "ransomware": 0.0, "worm": 0.0, "backdoor": 0.0, "spyware": 0.0, "rootkit": 0.0, "encrypter": 0.0, "downloader": 0.1320754716981132}}