{"features": {"malice": 0.921875, "generic": 0.5, "trojan": 0.4393939393939394, "ransomware": 0.0, "worm": 0.0, "backdoor": 0.0, "spyware": 0.0, "rootkit": 0.0, "encrypter": 0.0606060606060606, "downloader": 0.0}}