{"features": {"malice": 0.9444444444444444, "generic": 0.3214285714285714, "trojan": 0.5535714285714286, "ransomware": 0.0357142857142857, "worm": 0.0178571428571428, "backdoor": 0.0, "spyware": 0.0, "rootkit": 0.0, "encrypter": 0.0714285714285714, "downloader": 0.0}}