{"features": {"malice": 0.9393939393939394, "generic": 0.3382352941176471, "trojan": 0.6029411764705882, "ransomware": 0.0, "worm": 0.0, "backdoor": 0.0, "spyware": 0.0, "rootkit": 0.0, "encrypter": 0.0588235294117647, "downloader": 0.0}}