{"features": {"malice": 0.9245283018867924, "generic": 0.3333333333333333, "trojan": 0.5370370370370371, "ransomware": 0.0, "worm": 0.0, "backdoor": 0.0185185185185185, "spyware": 0.0, "rootkit": 0.0, "encrypter": 0.1111111111111111, "downloader": 0.0}}