{"features": {"malice": 0.711864406779661, "generic": 0.5161290322580645, "trojan": 0.2903225806451613, "ransomware": 0.0, "worm": 0.0161290322580645, "backdoor": 0.0, "spyware": 0.0, "rootkit": 0.0, "encrypter": 0.0, "downloader": 0.1774193548387097}}