{"features": {"malice": 0.9142857142857144, "generic": 0.3928571428571428, "trojan": 0.4642857142857143, "ransomware": 0.0, "worm": 0.0, "backdoor": 0.0, "spyware": 0.0, "rootkit": 0.0, "encrypter": 0.1428571428571428, "downloader": 0.0}}