{"features": {"malice": 0.9444444444444444, "generic": 0.3272727272727272, "trojan": 0.5454545454545454, "ransomware": 0.0, "worm": 0.0181818181818181, "backdoor": 0.0, "spyware": 0.0, "rootkit": 0.0, "encrypter": 0.109090909090909, "downloader": 0.0}}