{"features": {"malice": 0.8571428571428571, "generic": 0.4615384615384615, "trojan": 0.4615384615384615, "ransomware": 0.0, "worm": 0.0, "backdoor": 0.0, "spyware": 0.0, "rootkit": 0.0769230769230769, "encrypter": 0.0, "downloader": 0.0}}