{"features": {"malice": 0.931297709923664, "generic": 0.3939393939393939, "trojan": 0.4545454545454545, "ransomware": 0.0151515151515151, "worm": 0.0, "backdoor": 0.0151515151515151, "spyware": 0.0, "rootkit": 0.0, "encrypter": 0.0757575757575757, "downloader": 0.0454545454545454}}