{"features": {"malice": 0.9253731343283582, "generic": 0.217391304347826, "trojan": 0.4891304347826087, "ransomware": 0.1195652173913043, "worm": 0.0108695652173913, "backdoor": 0.0, "spyware": 0.0, "rootkit": 0.0, "encrypter": 0.0543478260869565, "downloader": 0.108695652173913}}