{"features": {"malice": 0.9541284403669724, "generic": 0.3835616438356164, "trojan": 0.5205479452054794, "ransomware": 0.0, "worm": 0.0136986301369863, "backdoor": 0.0, "spyware": 0.0, "rootkit": 0.0, "encrypter": 0.0684931506849315, "downloader": 0.0136986301369863}}