{"features": {"malice": 0.9444444444444444, "generic": 0.3090909090909091, "trojan": 0.5818181818181818, "ransomware": 0.0, "worm": 0.0363636363636363, "backdoor": 0.0, "spyware": 0.0, "rootkit": 0.0, "encrypter": 0.0727272727272727, "downloader": 0.0}}