{"features": {"malice": 0.9142857142857144, "generic": 0.45, "trojan": 0.4333333333333333, "ransomware": 0.0, "worm": 0.0166666666666666, "backdoor": 0.0, "spyware": 0.0, "rootkit": 0.0, "encrypter": 0.0666666666666666, "downloader": 0.0333333333333333}}