{"features": {"malice": 0.8805970149253731, "generic": 0.46875, "trojan": 0.453125, "ransomware": 0.0, "worm": 0.0, "backdoor": 0.0, "spyware": 0.0, "rootkit": 0.0625, "encrypter": 0.015625, "downloader": 0.0}}