{"features": {"malice": 0.8686868686868687, "generic": 0.3584905660377358, "trojan": 0.3773584905660377, "ransomware": 0.0, "worm": 0.0, "backdoor": 0.0188679245283018, "spyware": 0.0, "rootkit": 0.0, "encrypter": 0.2075471698113207, "downloader": 0.0377358490566037}}