{"features": {"malice": 0.7603305785123967, "generic": 0.4931506849315068, "trojan": 0.3287671232876712, "ransomware": 0.0, "worm": 0.0, "backdoor": 0.0, "spyware": 0.0, "rootkit": 0.0, "encrypter": 0.0, "downloader": 0.1780821917808219}}