{"features": {"malice": 0.9117647058823528, "generic": 0.5180722891566265, "trojan": 0.4216867469879518, "ransomware": 0.0, "worm": 0.0120481927710843, "backdoor": 0.0, "spyware": 0.0, "rootkit": 0.0, "encrypter": 0.0481927710843373, "downloader": 0.0}}