{"features": {"malice": 0.864406779661017, "generic": 0.4745762711864407, "trojan": 0.4067796610169492, "ransomware": 0.0, "worm": 0.0, "backdoor": 0.0, "spyware": 0.0, "rootkit": 0.0847457627118644, "encrypter": 0.0338983050847457, "downloader": 0.0}}