{"features": {"malice": 0.8571428571428571, "generic": 0.4042553191489361, "trojan": 0.4680851063829787, "ransomware": 0.0, "worm": 0.0, "backdoor": 0.0, "spyware": 0.0, "rootkit": 0.0, "encrypter": 0.1276595744680851, "downloader": 0.0}}