{"features": {"malice": 0.8721804511278195, "generic": 0.390625, "trojan": 0.328125, "ransomware": 0.0, "worm": 0.0, "backdoor": 0.0, "spyware": 0.0, "rootkit": 0.265625, "encrypter": 0.015625, "downloader": 0.0}}