{"features": {"malice": 0.5660377358490566, "generic": 0.5306122448979592, "trojan": 0.3877551020408163, "ransomware": 0.0, "worm": 0.0, "backdoor": 0.0, "spyware": 0.0, "rootkit": 0.0, "encrypter": 0.0, "downloader": 0.0816326530612244}}