{"features": {"malice": 0.7350427350427351, "generic": 0.4461538461538462, "trojan": 0.3384615384615385, "ransomware": 0.0, "worm": 0.0153846153846153, "backdoor": 0.0, "spyware": 0.0, "rootkit": 0.0, "encrypter": 0.0, "downloader": 0.2}}