{"features": {"malice": 0.8910891089108911, "generic": 0.3888888888888889, "trojan": 0.4629629629629629, "ransomware": 0.0, "worm": 0.0, "backdoor": 0.0, "spyware": 0.0, "rootkit": 0.0, "encrypter": 0.1481481481481481, "downloader": 0.0}}