{"features": {"malice": 0.943661971830986, "generic": 0.4366197183098591, "trojan": 0.4647887323943662, "ransomware": 0.0140845070422535, "worm": 0.0140845070422535, "backdoor": 0.0, "spyware": 0.0, "rootkit": 0.0, "encrypter": 0.0704225352112676, "downloader": 0.0}}