{"features": {"malice": 0.9142857142857144, "generic": 0.396551724137931, "trojan": 0.4310344827586206, "ransomware": 0.0, "worm": 0.0, "backdoor": 0.0, "spyware": 0.0, "rootkit": 0.0, "encrypter": 0.1724137931034483, "downloader": 0.0}}