{"features": {"malice": 0.9219858156028368, "generic": 0.5526315789473685, "trojan": 0.3684210526315789, "ransomware": 0.0, "worm": 0.0131578947368421, "backdoor": 0.0, "spyware": 0.0, "rootkit": 0.0, "encrypter": 0.0657894736842105, "downloader": 0.0}}