{"features": {"malice": 0.8932038834951457, "generic": 0.4117647058823529, "trojan": 0.4509803921568627, "ransomware": 0.0, "worm": 0.0, "backdoor": 0.0, "spyware": 0.0, "rootkit": 0.0, "encrypter": 0.1372549019607843, "downloader": 0.0}}