{"features": {"malice": 0.9444444444444444, "generic": 0.3214285714285714, "trojan": 0.5, "ransomware": 0.0, "worm": 0.0357142857142857, "backdoor": 0.0, "spyware": 0.0, "rootkit": 0.0, "encrypter": 0.1428571428571428, "downloader": 0.0}}