{"features": {"malice": 0.8307692307692308, "generic": 0.4925373134328358, "trojan": 0.3880597014925373, "ransomware": 0.0, "worm": 0.0, "backdoor": 0.0, "spyware": 0.0, "rootkit": 0.1194029850746268, "encrypter": 0.0, "downloader": 0.0}}