{"features": {"malice": 0.9345794392523364, "generic": 0.4153846153846154, "trojan": 0.5230769230769231, "ransomware": 0.0, "worm": 0.0153846153846153, "backdoor": 0.0, "spyware": 0.0, "rootkit": 0.0, "encrypter": 0.0461538461538461, "downloader": 0.0}}