{"features": {"malice": 0.9037037037037036, "generic": 0.5205479452054794, "trojan": 0.4794520547945205, "ransomware": 0.0, "worm": 0.0, "backdoor": 0.0, "spyware": 0.0, "rootkit": 0.0, "encrypter": 0.0, "downloader": 0.0}}