{"features": {"malice": 0.9142857142857144, "generic": 0.3448275862068966, "trojan": 0.4310344827586206, "ransomware": 0.0, "worm": 0.0, "backdoor": 0.0, "spyware": 0.0, "rootkit": 0.0, "encrypter": 0.2068965517241379, "downloader": 0.0172413793103448}}