{"features": {"malice": 0.900763358778626, "generic": 0.379746835443038, "trojan": 0.379746835443038, "ransomware": 0.0253164556962025, "worm": 0.0759493670886076, "backdoor": 0.1012658227848101, "spyware": 0.0, "rootkit": 0.0, "encrypter": 0.0379746835443038, "downloader": 0.0}}