{"features": {"malice": 0.8976377952755905, "generic": 0.375, "trojan": 0.390625, "ransomware": 0.0, "worm": 0.0, "backdoor": 0.046875, "spyware": 0.0, "rootkit": 0.0, "encrypter": 0.15625, "downloader": 0.03125}}