{"features": {"malice": 0.903846153846154, "generic": 0.3833333333333333, "trojan": 0.3666666666666666, "ransomware": 0.0, "worm": 0.0, "backdoor": 0.0166666666666666, "spyware": 0.0, "rootkit": 0.0, "encrypter": 0.2, "downloader": 0.0333333333333333}}