{"features": {"malice": 0.8712871287128713, "generic": 0.3148148148148148, "trojan": 0.4259259259259259, "ransomware": 0.0, "worm": 0.0, "backdoor": 0.0555555555555555, "spyware": 0.0, "rootkit": 0.0, "encrypter": 0.1851851851851851, "downloader": 0.0185185185185185}}