{"features": {"malice": 0.9523809523809524, "generic": 0.3770491803278688, "trojan": 0.5081967213114754, "ransomware": 0.0, "worm": 0.0163934426229508, "backdoor": 0.0, "spyware": 0.0, "rootkit": 0.0, "encrypter": 0.081967213114754, "downloader": 0.0163934426229508}}