{"features": {"malice": 0.8823529411764706, "generic": 0.4782608695652174, "trojan": 0.5217391304347826, "ransomware": 0.0, "worm": 0.0, "backdoor": 0.0, "spyware": 0.0, "rootkit": 0.0, "encrypter": 0.0, "downloader": 0.0}}