{"features": {"malice": 0.8870967741935484, "generic": 0.3157894736842105, "trojan": 0.3026315789473684, "ransomware": 0.0, "worm": 0.0, "backdoor": 0.1578947368421052, "spyware": 0.0, "rootkit": 0.0, "encrypter": 0.1052631578947368, "downloader": 0.1184210526315789}}