{"features": {"malice": 0.9245283018867924, "generic": 0.2916666666666667, "trojan": 0.6041666666666666, "ransomware": 0.0208333333333333, "worm": 0.0208333333333333, "backdoor": 0.0, "spyware": 0.0, "rootkit": 0.0, "encrypter": 0.0625, "downloader": 0.0}}