{"features": {"malice": 0.9345794392523364, "generic": 0.3442622950819672, "trojan": 0.3770491803278688, "ransomware": 0.0, "worm": 0.0, "backdoor": 0.1311475409836065, "spyware": 0.0, "rootkit": 0.0163934426229508, "encrypter": 0.1311475409836065, "downloader": 0.0}}