{"features": {"malice": 0.9147286821705426, "generic": 0.4477611940298507, "trojan": 0.4776119402985074, "ransomware": 0.0, "worm": 0.0, "backdoor": 0.0, "spyware": 0.0, "rootkit": 0.0, "encrypter": 0.0746268656716417, "downloader": 0.0}}