{"features": {"malice": 0.8686868686868687, "generic": 0.3584905660377358, "trojan": 0.5471698113207547, "ransomware": 0.0, "worm": 0.0377358490566037, "backdoor": 0.0, "spyware": 0.0, "rootkit": 0.0, "encrypter": 0.0566037735849056, "downloader": 0.0}}