{"features": {"malice": 0.9047619047619048, "generic": 0.4603174603174603, "trojan": 0.4761904761904761, "ransomware": 0.0, "worm": 0.0, "backdoor": 0.0, "spyware": 0.0, "rootkit": 0.0, "encrypter": 0.0476190476190476, "downloader": 0.0158730158730158}}