{"features": {"malice": 0.8872180451127819, "generic": 0.4848484848484848, "trojan": 0.4242424242424242, "ransomware": 0.0, "worm": 0.0, "backdoor": 0.0, "spyware": 0.0, "rootkit": 0.0757575757575757, "encrypter": 0.0151515151515151, "downloader": 0.0}}