{"features": {"malice": 0.9142857142857144, "generic": 0.3396226415094339, "trojan": 0.490566037735849, "ransomware": 0.0, "worm": 0.0, "backdoor": 0.0188679245283018, "spyware": 0.0, "rootkit": 0.0, "encrypter": 0.1509433962264151, "downloader": 0.0}}