{"features": {"malice": 0.931297709923664, "generic": 0.4533333333333333, "trojan": 0.52, "ransomware": 0.0, "worm": 0.0, "backdoor": 0.0133333333333333, "spyware": 0.0, "rootkit": 0.0, "encrypter": 0.0133333333333333, "downloader": 0.0}}