{"features": {"malice": 0.9444444444444444, "generic": 0.4029850746268656, "trojan": 0.417910447761194, "ransomware": 0.0, "worm": 0.0298507462686567, "backdoor": 0.0, "spyware": 0.0, "rootkit": 0.0, "encrypter": 0.1044776119402985, "downloader": 0.044776119402985}}