{"features": {"malice": 0.6545454545454545, "generic": 0.4339622641509434, "trojan": 0.3396226415094339, "ransomware": 0.0, "worm": 0.0188679245283018, "backdoor": 0.0, "spyware": 0.0, "rootkit": 0.0, "encrypter": 0.0, "downloader": 0.2075471698113207}}