{"features": {"malice": 0.8686868686868687, "generic": 0.2580645161290322, "trojan": 0.4677419354838709, "ransomware": 0.0, "worm": 0.0, "backdoor": 0.1935483870967742, "spyware": 0.0, "rootkit": 0.0, "encrypter": 0.0806451612903225, "downloader": 0.0}}