{"features": {"malice": 0.7540983606557377, "generic": 0.4246575342465753, "trojan": 0.3287671232876712, "ransomware": 0.0, "worm": 0.0, "backdoor": 0.0, "spyware": 0.0, "rootkit": 0.0, "encrypter": 0.0, "downloader": 0.2465753424657534}}