{"features": {"malice": 0.8932038834951457, "generic": 0.396551724137931, "trojan": 0.3103448275862069, "ransomware": 0.0172413793103448, "worm": 0.0, "backdoor": 0.1034482758620689, "spyware": 0.0, "rootkit": 0.0517241379310344, "encrypter": 0.1034482758620689, "downloader": 0.0172413793103448}}