{"features": {"malice": 0.903846153846154, "generic": 0.3333333333333333, "trojan": 0.6, "ransomware": 0.0, "worm": 0.0, "backdoor": 0.0, "spyware": 0.0, "rootkit": 0.0, "encrypter": 0.0666666666666666, "downloader": 0.0}}