{"features": {"malice": 0.9019607843137256, "generic": 0.4406779661016949, "trojan": 0.4406779661016949, "ransomware": 0.0, "worm": 0.0169491525423728, "backdoor": 0.0, "spyware": 0.0, "rootkit": 0.0, "encrypter": 0.0677966101694915, "downloader": 0.0338983050847457}}