{"features": {"malice": 0.8307692307692308, "generic": 0.5, "trojan": 0.3666666666666666, "ransomware": 0.0, "worm": 0.0, "backdoor": 0.0166666666666666, "spyware": 0.0, "rootkit": 0.1166666666666666, "encrypter": 0.0, "downloader": 0.0}}