{"features": {"malice": 0.8823529411764706, "generic": 0.2978723404255319, "trojan": 0.5106382978723404, "ransomware": 0.0, "worm": 0.0425531914893617, "backdoor": 0.0, "spyware": 0.0, "rootkit": 0.0, "encrypter": 0.1489361702127659, "downloader": 0.0}}