{"features": {"malice": 0.8932038834951457, "generic": 0.4285714285714285, "trojan": 0.5102040816326531, "ransomware": 0.0, "worm": 0.0, "backdoor": 0.0, "spyware": 0.0, "rootkit": 0.0, "encrypter": 0.0612244897959183, "downloader": 0.0}}