{"features": {"malice": 0.828125, "generic": 0.4406779661016949, "trojan": 0.423728813559322, "ransomware": 0.0, "worm": 0.0, "backdoor": 0.0, "spyware": 0.0, "rootkit": 0.1186440677966101, "encrypter": 0.0169491525423728, "downloader": 0.0}}