{"features": {"malice": 0.9147286821705426, "generic": 0.3898305084745763, "trojan": 0.559322033898305, "ransomware": 0.0, "worm": 0.0, "backdoor": 0.0, "spyware": 0.0, "rootkit": 0.0, "encrypter": 0.0508474576271186, "downloader": 0.0}}