{"features": {"malice": 0.9333333333333332, "generic": 0.4126984126984127, "trojan": 0.3968253968253968, "ransomware": 0.0, "worm": 0.0, "backdoor": 0.0317460317460317, "spyware": 0.0158730158730158, "rootkit": 0.0, "encrypter": 0.1269841269841269, "downloader": 0.0158730158730158}}