{"features": {"malice": 0.9444444444444444, "generic": 0.3157894736842105, "trojan": 0.5263157894736842, "ransomware": 0.0350877192982456, "worm": 0.0, "backdoor": 0.0175438596491228, "spyware": 0.0, "rootkit": 0.0, "encrypter": 0.1052631578947368, "downloader": 0.0}}