{"features": {"malice": 0.8721804511278195, "generic": 0.4558823529411764, "trojan": 0.5441176470588235, "ransomware": 0.0, "worm": 0.0, "backdoor": 0.0, "spyware": 0.0, "rootkit": 0.0, "encrypter": 0.0, "downloader": 0.0}}