{"features": {"malice": 0.927536231884058, "generic": 0.4927536231884058, "trojan": 0.4782608695652174, "ransomware": 0.0, "worm": 0.0144927536231884, "backdoor": 0.0, "spyware": 0.0, "rootkit": 0.0, "encrypter": 0.0144927536231884, "downloader": 0.0}}