{"features": {"malice": 0.9245283018867924, "generic": 0.3103448275862069, "trojan": 0.4655172413793103, "ransomware": 0.0172413793103448, "worm": 0.0, "backdoor": 0.0, "spyware": 0.0, "rootkit": 0.0, "encrypter": 0.2068965517241379, "downloader": 0.0}}