{"features": {"malice": 0.9022556390977444, "generic": 0.4047619047619047, "trojan": 0.3095238095238095, "ransomware": 0.119047619047619, "worm": 0.0, "backdoor": 0.0595238095238095, "spyware": 0.0, "rootkit": 0.0, "encrypter": 0.0952380952380952, "downloader": 0.0119047619047619}}