{"features": {"malice": 0.9361702127659576, "generic": 0.5070422535211268, "trojan": 0.3098591549295774, "ransomware": 0.0, "worm": 0.0140845070422535, "backdoor": 0.0, "spyware": 0.0, "rootkit": 0.0, "encrypter": 0.1690140845070422, "downloader": 0.0}}