{"features": {"malice": 0.6111111111111112, "generic": 0.4615384615384615, "trojan": 0.4615384615384615, "ransomware": 0.0, "worm": 0.0, "backdoor": 0.0, "spyware": 0.0, "rootkit": 0.0, "encrypter": 0.0192307692307692, "downloader": 0.0576923076923076}}