{"features": {"malice": 0.931297709923664, "generic": 0.2527472527472527, "trojan": 0.4725274725274725, "ransomware": 0.1098901098901098, "worm": 0.0109890109890109, "backdoor": 0.0, "spyware": 0.0, "rootkit": 0.0, "encrypter": 0.0439560439560439, "downloader": 0.1098901098901098}}