{"features": {"malice": 0.9444444444444444, "generic": 0.4655172413793103, "trojan": 0.4482758620689655, "ransomware": 0.0, "worm": 0.0172413793103448, "backdoor": 0.0, "spyware": 0.0, "rootkit": 0.0, "encrypter": 0.0689655172413793, "downloader": 0.0}}