{"features": {"malice": 0.943661971830986, "generic": 0.4337349397590361, "trojan": 0.4337349397590361, "ransomware": 0.0, "worm": 0.0120481927710843, "backdoor": 0.0120481927710843, "spyware": 0.0, "rootkit": 0.0, "encrypter": 0.108433734939759, "downloader": 0.0}}