{"features": {"malice": 0.7226890756302521, "generic": 0.453125, "trojan": 0.328125, "ransomware": 0.0, "worm": 0.0, "backdoor": 0.015625, "spyware": 0.0, "rootkit": 0.0, "encrypter": 0.0, "downloader": 0.203125}}