{"features": {"malice": 0.9291338582677166, "generic": 0.4444444444444444, "trojan": 0.4722222222222222, "ransomware": 0.0, "worm": 0.0, "backdoor": 0.0, "spyware": 0.0, "rootkit": 0.0, "encrypter": 0.0833333333333333, "downloader": 0.0}}