{"features": {"malice": 0.75, "generic": 0.5, "trojan": 0.3064516129032258, "ransomware": 0.0, "worm": 0.0161290322580645, "backdoor": 0.0, "spyware": 0.0, "rootkit": 0.0, "encrypter": 0.0, "downloader": 0.1774193548387097}}