{"features": {"malice": 0.9444444444444444, "generic": 0.3076923076923077, "trojan": 0.5961538461538461, "ransomware": 0.0, "worm": 0.0192307692307692, "backdoor": 0.0, "spyware": 0.0, "rootkit": 0.0, "encrypter": 0.0769230769230769, "downloader": 0.0}}