{"features": {"malice": 0.9142857142857144, "generic": 0.3773584905660377, "trojan": 0.4528301886792453, "ransomware": 0.0, "worm": 0.0, "backdoor": 0.0377358490566037, "spyware": 0.0, "rootkit": 0.0, "encrypter": 0.1320754716981132, "downloader": 0.0}}