{"features": {"malice": 0.8805970149253731, "generic": 0.4098360655737705, "trojan": 0.4754098360655737, "ransomware": 0.0, "worm": 0.0, "backdoor": 0.0, "spyware": 0.0, "rootkit": 0.0983606557377049, "encrypter": 0.0163934426229508, "downloader": 0.0}}