{"features": {"malice": 0.9333333333333332, "generic": 0.4545454545454545, "trojan": 0.4727272727272727, "ransomware": 0.0, "worm": 0.0181818181818181, "backdoor": 0.0, "spyware": 0.0, "rootkit": 0.0, "encrypter": 0.0545454545454545, "downloader": 0.0}}