{"features": {"malice": 0.9333333333333332, "generic": 0.375, "trojan": 0.5357142857142857, "ransomware": 0.0, "worm": 0.0178571428571428, "backdoor": 0.0, "spyware": 0.0, "rootkit": 0.0, "encrypter": 0.0714285714285714, "downloader": 0.0}}