{"features": {"malice": 0.8527131782945736, "generic": 0.4666666666666667, "trojan": 0.5333333333333333, "ransomware": 0.0, "worm": 0.0, "backdoor": 0.0, "spyware": 0.0, "rootkit": 0.0, "encrypter": 0.0, "downloader": 0.0}}