{"features": {"malice": 0.9245283018867924, "generic": 0.320754716981132, "trojan": 0.4716981132075472, "ransomware": 0.0, "worm": 0.0, "backdoor": 0.0, "spyware": 0.0, "rootkit": 0.0, "encrypter": 0.2075471698113207, "downloader": 0.0}}