{"features": {"malice": 0.7666666666666667, "generic": 0.4776119402985074, "trojan": 0.3432835820895522, "ransomware": 0.0, "worm": 0.0149253731343283, "backdoor": 0.0, "spyware": 0.0, "rootkit": 0.0, "encrypter": 0.0, "downloader": 0.1641791044776119}}