{"features": {"malice": 0.7079646017699115, "generic": 0.4117647058823529, "trojan": 0.3137254901960784, "ransomware": 0.0, "worm": 0.0196078431372549, "backdoor": 0.0, "spyware": 0.0, "rootkit": 0.0, "encrypter": 0.0, "downloader": 0.2549019607843137}}