{"features": {"malice": 0.9142857142857144, "generic": 0.2363636363636363, "trojan": 0.5818181818181818, "ransomware": 0.0, "worm": 0.0, "backdoor": 0.0, "spyware": 0.0, "rootkit": 0.0, "encrypter": 0.1818181818181818, "downloader": 0.0}}