{"features": {"malice": 0.903846153846154, "generic": 0.3454545454545454, "trojan": 0.4727272727272727, "ransomware": 0.0, "worm": 0.0, "backdoor": 0.0181818181818181, "spyware": 0.0181818181818181, "rootkit": 0.0, "encrypter": 0.1454545454545454, "downloader": 0.0}}