{"features": {"malice": 0.9433962264150944, "generic": 0.4032258064516129, "trojan": 0.5645161290322581, "ransomware": 0.0, "worm": 0.0, "backdoor": 0.0, "spyware": 0.0, "rootkit": 0.0, "encrypter": 0.032258064516129, "downloader": 0.0}}