{"features": {"malice": 0.8666666666666667, "generic": 0.4035087719298245, "trojan": 0.5964912280701754, "ransomware": 0.0, "worm": 0.0, "backdoor": 0.0, "spyware": 0.0, "rootkit": 0.0, "encrypter": 0.0, "downloader": 0.0}}