{"features": {"malice": 0.8870967741935484, "generic": 0.4347826086956521, "trojan": 0.5217391304347826, "ransomware": 0.0, "worm": 0.0, "backdoor": 0.0, "spyware": 0.0, "rootkit": 0.0, "encrypter": 0.0434782608695652, "downloader": 0.0}}