{"features": {"malice": 0.9051094890510948, "generic": 0.3896103896103896, "trojan": 0.3766233766233766, "ransomware": 0.0129870129870129, "worm": 0.0, "backdoor": 0.0389610389610389, "spyware": 0.0, "rootkit": 0.0, "encrypter": 0.1688311688311688, "downloader": 0.0129870129870129}}