{"features": {"malice": 0.912621359223301, "generic": 0.2407407407407407, "trojan": 0.6481481481481481, "ransomware": 0.0, "worm": 0.0, "backdoor": 0.0, "spyware": 0.0, "rootkit": 0.0, "encrypter": 0.1111111111111111, "downloader": 0.0}}