{"features": {"malice": 0.6306306306306306, "generic": 0.6176470588235294, "trojan": 0.2941176470588235, "ransomware": 0.0, "worm": 0.0, "backdoor": 0.0, "spyware": 0.0, "rootkit": 0.0, "encrypter": 0.0294117647058823, "downloader": 0.0588235294117647}}